Load (kN),D1 piston (mm),D2 (mm),D3 (mm)
0.0,0.0,0.0,0.0
0.01,0.03,0.0,0.01
0.02,0.05,0.0,0.02
0.03,0.08,0.01,0.03
0.04,0.11,0.01,0.04
0.05,0.14,0.01,0.04
0.06,0.16,0.01,0.05
0.07,0.19,0.02,0.06
0.08,0.22,0.02,0.07
0.09,0.24,0.02,0.08
0.1,0.27,0.02,0.09
0.11,0.3,0.03,0.1
0.12,0.32,0.03,0.11
0.13,0.35,0.03,0.11
0.14,0.38,0.03,0.12
0.15,0.41,0.04,0.13
0.16,0.43,0.04,0.14
0.17,0.46,0.04,0.15
0.18,0.49,0.04,0.16
0.19,0.52,0.05,0.17
0.2,0.57,0.05,0.19
0.21,0.62,0.06,0.2
0.22,0.67,0.06,0.22
0.23,0.72,0.06,0.24
0.24,0.77,0.07,0.25
0.25,0.82,0.07,0.27
0.26,0.87,0.08,0.29
0.27,0.92,0.08,0.3
0.28,0.97,0.09,0.32
0.282,0.98,0.09,0.32
0.282,0.99,0.09,0.33
0.282,1.0,0.09,0.33
0.282,1.01,0.09,0.33
0.282,1.02,0.09,0.34
0.282,1.03,0.09,0.34
0.282,1.04,0.1,0.34
0.282,1.05,0.1,0.35
0.282,1.06,0.1,0.35
0.282,1.07,0.1,0.36
0.282,1.08,0.1,0.36
0.282,1.09,0.1,0.36
0.282,1.1,0.1,0.37
0.282,1.11,0.1,0.37
0.282,1.12,0.1,0.37
0.282,1.13,0.1,0.38
0.282,1.14,0.11,0.38
0.282,1.15,0.11,0.38
0.282,1.16,0.11,0.39
0.282,1.17,0.11,0.39
0.282,1.18,0.11,0.39
0.282,1.19,0.11,0.4
0.282,1.2,0.11,0.4
0.282,1.21,0.11,0.4
0.282,1.22,0.11,0.41
0.282,1.23,0.11,0.41
0.282,1.24,0.12,0.41
0.282,1.25,0.12,0.42
0.282,1.26,0.12,0.42
0.282,1.27,0.12,0.43
0.282,1.28,0.12,0.43
0.282,1.29,0.12,0.43
0.282,1.3,0.12,0.44
0.282,1.31,0.12,0.44
0.282,1.32,0.12,0.44
0.282,1.33,0.12,0.45
0.282,1.34,0.13,0.45
0.282,1.35,0.13,0.45
0.282,1.36,0.13,0.46
0.282,1.37,0.13,0.46
0.282,1.38,0.13,0.46
0.282,1.39,0.13,0.47
0.282,1.4,0.13,0.47
0.282,1.41,0.13,0.47
0.282,1.42,0.13,0.48
0.282,1.43,0.13,0.48
0.282,1.44,0.14,0.48
0.282,1.45,0.14,0.49
0.282,1.46,0.14,0.49
0.282,1.47,0.14,0.5
0.282,1.48,0.14,0.5
0.282,1.49,0.14,0.5
0.282,1.5,0.14,0.51
0.282,1.51,0.14,0.51
0.282,1.52,0.14,0.51
0.282,1.53,0.14,0.52
0.282,1.54,0.15,0.52
0.282,1.55,0.15,0.52
0.282,1.56,0.15,0.53
0.282,1.57,0.15,0.53
0.282,1.58,0.15,0.53
0.282,1.59,0.15,0.54
0.282,1.6,0.15,0.54
0.282,1.61,0.15,0.54
0.282,1.62,0.15,0.55
0.282,1.63,0.15,0.55
0.282,1.64,0.16,0.55
0.282,1.65,0.16,0.56
0.282,1.66,0.16,0.56
0.282,1.67,0.16,0.57
0.282,1.68,0.16,0.57
0.282,1.69,0.16,0.57
0.282,1.7,0.16,0.58
0.282,1.71,0.16,0.58
0.282,1.72,0.16,0.58
0.282,1.73,0.16,0.59
0.282,1.74,0.17,0.59
0.282,1.75,0.17,0.59
0.282,1.76,0.17,0.6
0.282,1.77,0.17,0.6
0.282,1.78,0.17,0.6
0.282,1.79,0.17,0.61
0.282,1.8,0.17,0.61
0.282,1.81,0.17,0.61
0.282,1.82,0.17,0.62
0.282,1.83,0.17,0.62
0.282,1.84,0.18,0.62
0.282,1.85,0.18,0.63
0.282,1.86,0.18,0.63
0.282,1.87,0.18,0.64
0.282,1.88,0.18,0.64
0.282,1.89,0.18,0.64
0.282,1.9,0.18,0.65
0.282,1.91,0.18,0.65
0.282,1.92,0.18,0.65
0.282,1.93,0.18,0.66
0.282,1.94,0.19,0.66
0.282,1.95,0.19,0.66
0.282,1.96,0.19,0.67
0.282,1.97,0.19,0.67
0.282,1.98,0.19,0.67
0.282,1.99,0.19,0.68
0.282,2.0,0.19,0.68
0.282,2.01,0.19,0.68
0.282,2.02,0.19,0.69
0.282,2.03,0.19,0.69
0.282,2.04,0.2,0.69
0.282,2.05,0.2,0.7
0.282,2.06,0.2,0.7
0.282,2.07,0.2,0.71
0.282,2.08,0.2,0.71
0.282,2.09,0.2,0.71
0.282,2.1,0.2,0.72
0.282,2.11,0.2,0.72
0.282,2.12,0.2,0.72
0.282,2.13,0.2,0.73
0.282,2.14,0.21,0.73
0.282,2.15,0.21,0.73
0.282,2.16,0.21,0.74
0.282,2.17,0.21,0.74
0.282,2.18,0.21,0.74
0.282,2.19,0.21,0.75
0.282,2.2,0.21,0.75
0.282,2.21,0.21,0.75
0.282,2.22,0.21,0.76
0.282,2.23,0.21,0.76
0.282,2.24,0.22,0.76
0.282,2.25,0.22,0.77
0.282,2.26,0.22,0.77
0.282,2.27,0.22,0.78
0.282,2.28,0.22,0.78
0.282,2.29,0.22,0.78
0.282,2.3,0.22,0.79
0.282,2.31,0.22,0.79
0.282,2.32,0.22,0.79
0.282,2.33,0.22,0.8
0.282,2.34,0.23,0.8
0.282,2.35,0.23,0.8
0.282,2.36,0.23,0.81
0.282,2.37,0.23,0.81
0.282,2.38,0.23,0.81
0.282,2.39,0.23,0.82
0.282,2.4,0.23,0.82
0.282,2.41,0.23,0.82
0.282,2.42,0.23,0.83
0.282,2.43,0.23,0.83
0.282,2.44,0.24,0.83
0.282,2.45,0.24,0.84
0.282,2.46,0.24,0.84
0.282,2.47,0.24,0.85
0.282,2.48,0.24,0.85
0.282,2.49,0.24,0.85
0.282,2.5,0.24,0.86
0.282,2.51,0.24,0.86
0.282,2.52,0.24,0.86
0.282,2.53,0.24,0.87
0.282,2.54,0.25,0.87
0.282,2.55,0.25,0.87
0.282,2.56,0.25,0.88
0.282,2.57,0.25,0.88
0.282,2.58,0.25,0.88
0.282,2.59,0.25,0.89
0.282,2.6,0.25,0.89
0.282,2.61,0.25,0.89
0.282,2.62,0.25,0.9
0.282,2.63,0.25,0.9
0.282,2.64,0.26,0.9
0.282,2.65,0.26,0.91
0.282,2.66,0.26,0.91
0.282,2.67,0.26,0.92
0.282,2.68,0.26,0.92
0.282,2.69,0.26,0.92
0.282,2.7,0.26,0.93
0.282,2.71,0.26,0.93
0.282,2.72,0.26,0.93
0.282,2.73,0.26,0.94
0.282,2.74,0.27,0.94
0.282,2.75,0.27,0.94
0.282,2.76,0.27,0.95
0.282,2.77,0.27,0.95
0.282,2.78,0.27,0.95
0.282,2.79,0.27,0.96
0.282,2.8,0.27,0.96
0.282,2.81,0.27,0.96
0.282,2.82,0.27,0.97
0.282,2.83,0.27,0.97
0.282,2.84,0.28,0.97
0.282,2.85,0.28,0.98
0.282,2.86,0.28,0.98
0.282,2.87,0.28,0.99
0.282,2.88,0.28,0.99
0.282,2.89,0.28,0.99
0.282,2.9,0.28,1.0
0.282,2.91,0.28,1.0
0.282,2.92,0.28,1.0
0.282,2.93,0.28,1.01
0.282,2.94,0.29,1.01
0.282,2.95,0.29,1.01
0.282,2.96,0.29,1.02
0.282,2.97,0.29,1.02
0.282,2.98,0.29,1.02
0.282,2.99,0.29,1.03
0.282,3.0,0.29,1.03
0.282,3.01,0.29,1.03
0.282,3.02,0.29,1.04
0.282,3.03,0.29,1.04
0.282,3.04,0.3,1.04
0.282,3.05,0.3,1.05
0.282,3.06,0.3,1.05
0.282,3.07,0.3,1.06
0.282,3.08,0.3,1.06
0.282,3.09,0.3,1.06
0.282,3.1,0.3,1.07
0.282,3.11,0.3,1.07
0.282,3.12,0.3,1.07
0.282,3.13,0.3,1.08
0.282,3.14,0.31,1.08
0.282,3.15,0.31,1.08
0.282,3.16,0.31,1.09
0.282,3.17,0.31,1.09
0.282,3.18,0.31,1.09
0.282,3.19,0.31,1.1
0.282,3.2,0.31,1.1
0.282,3.21,0.31,1.1
0.282,3.22,0.31,1.11
0.282,3.23,0.31,1.11
0.282,3.24,0.32,1.11
0.282,3.25,0.32,1.12
0.282,3.26,0.32,1.12
0.282,3.27,0.32,1.13
0.282,3.28,0.32,1.13
0.282,3.29,0.32,1.13
0.282,3.3,0.32,1.14
0.282,3.31,0.32,1.14
0.282,3.32,0.32,1.14
0.282,3.33,0.32,1.15
0.282,3.34,0.33,1.15
0.282,3.35,0.33,1.15
0.282,3.36,0.33,1.16
0.282,3.37,0.33,1.16
0.282,3.38,0.33,1.16
0.282,3.39,0.33,1.17
0.282,3.4,0.33,1.17
0.282,3.41,0.33,1.17
0.282,3.42,0.33,1.18
0.282,3.43,0.33,1.18
0.282,3.44,0.34,1.18
0.282,3.45,0.34,1.19
0.282,3.46,0.34,1.19
0.282,3.47,0.34,1.2
0.282,3.48,0.34,1.2
0.282,3.49,0.34,1.2
0.282,3.5,0.34,1.21
0.282,3.51,0.34,1.21
0.282,3.52,0.34,1.21
0.282,3.53,0.34,1.22
0.282,3.54,0.35,1.22
0.282,3.55,0.35,1.22
0.282,3.56,0.35,1.23
0.282,3.57,0.35,1.23
0.282,3.58,0.35,1.23
0.282,3.59,0.35,1.24
0.282,3.6,0.35,1.24
0.282,3.61,0.35,1.24
0.282,3.62,0.35,1.25
0.282,3.63,0.35,1.25
0.282,3.64,0.36,1.25
0.282,3.65,0.36,1.26
0.282,3.66,0.36,1.26
0.282,3.67,0.36,1.27
0.282,3.68,0.36,1.27
0.282,3.69,0.36,1.27
0.282,3.7,0.36,1.28
0.282,3.71,0.36,1.28
0.282,3.72,0.36,1.28
0.282,3.73,0.36,1.29
0.282,3.74,0.37,1.29
0.282,3.75,0.37,1.29
0.282,3.76,0.37,1.3
0.282,3.77,0.37,1.3
0.282,3.78,0.37,1.3
0.282,3.79,0.37,1.31
0.282,3.8,0.37,1.31
0.282,3.81,0.37,1.31
0.282,3.82,0.37,1.32
0.282,3.83,0.37,1.32
0.282,3.84,0.38,1.32
0.282,3.85,0.38,1.33
0.282,3.86,0.38,1.33
0.282,3.87,0.38,1.34
0.282,3.88,0.38,1.34
0.282,3.89,0.38,1.34
0.282,3.9,0.38,1.35
0.282,3.91,0.38,1.35
0.282,3.92,0.38,1.35
0.282,3.93,0.38,1.36
0.282,3.94,0.39,1.36
0.282,3.95,0.39,1.36
0.282,3.96,0.39,1.37
0.282,3.97,0.39,1.37
0.282,3.98,0.39,1.37
0.282,3.99,0.39,1.38
0.282,4.0,0.39,1.38
0.282,4.01,0.39,1.38
0.282,4.02,0.39,1.39
0.282,4.03,0.39,1.39
0.282,4.04,0.4,1.39
0.282,4.05,0.4,1.4
0.282,4.06,0.4,1.4
0.282,4.07,0.4,1.41
0.282,4.08,0.4,1.41
0.282,4.09,0.4,1.41
0.282,4.1,0.4,1.42
0.282,4.11,0.4,1.42
0.282,4.12,0.4,1.42
0.282,4.13,0.4,1.43
0.282,4.14,0.41,1.43
0.282,4.15,0.41,1.43
0.282,4.16,0.41,1.44
0.282,4.17,0.41,1.44
0.282,4.18,0.41,1.44
0.282,4.19,0.41,1.45
0.282,4.2,0.41,1.45
0.282,4.21,0.41,1.45
0.282,4.22,0.41,1.46
0.282,4.23,0.41,1.46
0.282,4.24,0.42,1.46
0.282,4.25,0.42,1.47
0.282,4.26,0.42,1.47
0.282,4.27,0.42,1.48
0.282,4.28,0.42,1.48
0.282,4.29,0.42,1.48
0.282,4.3,0.42,1.49
0.282,4.31,0.42,1.49
0.282,4.32,0.42,1.49
0.282,4.33,0.42,1.5
0.282,4.34,0.43,1.5
0.282,4.35,0.43,1.5
0.282,4.36,0.43,1.51
0.282,4.37,0.43,1.51
0.282,4.38,0.43,1.51
0.282,4.39,0.43,1.52
0.282,4.4,0.43,1.52
0.282,4.41,0.43,1.52
0.282,4.42,0.43,1.53
0.282,4.43,0.43,1.53
0.282,4.44,0.44,1.53
0.282,4.45,0.44,1.54
0.282,4.46,0.44,1.54
0.282,4.47,0.44,1.55
0.282,4.48,0.44,1.55
0.282,4.49,0.44,1.55
0.282,4.5,0.44,1.56
0.282,4.51,0.44,1.56
0.282,4.52,0.44,1.56
0.282,4.53,0.44,1.57
0.282,4.54,0.45,1.57
0.282,4.55,0.45,1.57
0.282,4.56,0.45,1.58
0.282,4.57,0.45,1.58
0.282,4.58,0.45,1.58
0.282,4.59,0.45,1.59
0.282,4.6,0.45,1.59
0.282,4.61,0.45,1.59
0.282,4.62,0.45,1.6
0.282,4.63,0.45,1.6
0.282,4.64,0.46,1.6
0.282,4.65,0.46,1.61
0.282,4.66,0.46,1.61
0.282,4.67,0.46,1.62
0.282,4.68,0.46,1.62
0.282,4.69,0.46,1.62
0.282,4.7,0.46,1.63
0.282,4.71,0.46,1.63
0.282,4.72,0.46,1.63
0.282,4.73,0.46,1.64
0.282,4.74,0.47,1.64
0.282,4.75,0.47,1.64
0.282,4.76,0.47,1.65
0.282,4.77,0.47,1.65
0.282,4.78,0.47,1.65
0.282,4.79,0.47,1.66
0.282,4.8,0.47,1.66
0.282,4.81,0.47,1.66
0.282,4.82,0.47,1.67
0.282,4.83,0.47,1.67
0.282,4.84,0.48,1.67
0.282,4.85,0.48,1.68
0.282,4.86,0.48,1.68
0.282,4.87,0.48,1.69
0.282,4.88,0.48,1.69
0.282,4.89,0.48,1.69
0.282,4.9,0.48,1.7
0.282,4.91,0.48,1.7
0.282,4.92,0.48,1.7
0.282,4.93,0.48,1.71
0.282,4.94,0.49,1.71
0.282,4.95,0.49,1.71
0.282,4.96,0.49,1.72
0.282,4.97,0.49,1.72
0.282,4.98,0.49,1.72
0.282,4.99,0.49,1.73
0.282,5.0,0.49,1.73
0.282,5.01,0.49,1.73
0.282,5.02,0.49,1.74
0.282,5.03,0.49,1.74
0.282,5.04,0.5,1.74
0.282,5.05,0.5,1.75
0.282,5.06,0.5,1.75
0.282,5.07,0.5,1.76
0.282,5.08,0.5,1.76
0.282,5.09,0.5,1.76
0.282,5.1,0.5,1.77
0.282,5.11,0.5,1.77
0.282,5.12,0.5,1.77
0.282,5.13,0.5,1.78
0.282,5.14,0.51,1.78
0.282,5.15,0.51,1.78
0.282,5.16,0.51,1.79
0.282,5.17,0.51,1.79
0.282,5.18,0.51,1.79
0.282,5.19,0.51,1.8
0.282,5.2,0.51,1.8
0.282,5.21,0.51,1.8
0.282,5.22,0.51,1.81
0.282,5.23,0.51,1.81
0.282,5.24,0.52,1.81
0.282,5.25,0.52,1.82
0.282,5.26,0.52,1.82
0.282,5.27,0.52,1.83
0.282,5.28,0.52,1.83
0.282,5.29,0.52,1.83
0.282,5.3,0.52,1.84
0.282,5.31,0.52,1.84
0.282,5.32,0.52,1.84
0.282,5.33,0.52,1.85
0.282,5.34,0.53,1.85
0.282,5.35,0.53,1.85
0.282,5.36,0.53,1.86
0.282,5.37,0.53,1.86
0.282,5.38,0.53,1.86
0.282,5.39,0.53,1.87
0.282,5.4,0.53,1.87
0.282,5.41,0.53,1.87
0.282,5.42,0.53,1.88
0.282,5.43,0.53,1.88
0.282,5.44,0.54,1.88
0.282,5.45,0.54,1.89
0.282,5.46,0.54,1.89
0.282,5.47,0.54,1.9
0.282,5.48,0.54,1.9
0.282,5.49,0.54,1.9
0.282,5.5,0.54,1.91
0.282,5.51,0.54,1.91
0.282,5.52,0.54,1.91
0.282,5.53,0.54,1.92
0.282,5.54,0.55,1.92
0.282,5.55,0.55,1.92
0.282,5.56,0.55,1.93
0.282,5.57,0.55,1.93
0.282,5.58,0.55,1.93
0.282,5.59,0.55,1.94
0.282,5.6,0.55,1.94
0.282,5.61,0.55,1.94
0.282,5.62,0.55,1.95
0.282,5.63,0.55,1.95
0.282,5.64,0.56,1.95
0.282,5.65,0.56,1.96
0.282,5.66,0.56,1.96
0.282,5.67,0.56,1.97
0.282,5.68,0.56,1.97
0.282,5.69,0.56,1.97
0.282,5.7,0.56,1.98
0.282,5.71,0.56,1.98
0.282,5.72,0.56,1.98
0.282,5.73,0.56,1.99
0.282,5.74,0.57,1.99
0.282,5.75,0.57,1.99
0.282,5.76,0.57,2.0
0.282,5.77,0.57,2.0
0.282,5.78,0.57,2.0
0.282,5.79,0.57,2.01
0.282,5.8,0.57,2.01
0.282,5.81,0.57,2.01
0.282,5.82,0.57,2.02
0.282,5.83,0.57,2.02
0.282,5.84,0.58,2.02
0.282,5.85,0.58,2.03
0.282,5.86,0.58,2.03
0.282,5.87,0.58,2.04
0.282,5.88,0.58,2.04
0.282,5.89,0.58,2.04
0.282,5.9,0.58,2.05
0.282,5.91,0.58,2.05
0.282,5.92,0.58,2.05
0.282,5.93,0.58,2.06
0.282,5.94,0.59,2.06
0.282,5.95,0.59,2.06
0.282,5.96,0.59,2.07
0.282,5.97,0.59,2.07
0.282,5.98,0.59,2.07
0.282,5.99,0.59,2.08
0.282,6.0,0.59,2.08
0.282,6.01,0.59,2.08
0.282,6.02,0.59,2.09
0.282,6.03,0.59,2.09
0.282,6.04,0.6,2.09
0.282,6.05,0.6,2.1
0.282,6.06,0.6,2.1
0.282,6.07,0.6,2.11
0.282,6.08,0.6,2.11
0.282,6.09,0.6,2.11
0.282,6.1,0.6,2.12
0.282,6.11,0.6,2.12
0.282,6.12,0.6,2.12
0.282,6.13,0.6,2.13
0.282,6.14,0.61,2.13
0.282,6.15,0.61,2.13
0.282,6.16,0.61,2.14
0.282,6.17,0.61,2.14
0.282,6.18,0.61,2.14
0.282,6.19,0.61,2.15
0.282,6.2,0.61,2.15
0.282,6.21,0.61,2.15
0.282,6.22,0.61,2.16
0.282,6.23,0.61,2.16
0.282,6.24,0.62,2.16
0.282,6.25,0.62,2.17
0.282,6.26,0.62,2.17
0.282,6.27,0.62,2.18
0.282,6.28,0.62,2.18
0.282,6.29,0.62,2.18
0.282,6.3,0.62,2.19
0.282,6.31,0.62,2.19
0.282,6.32,0.62,2.19
0.282,6.33,0.62,2.2
0.282,6.34,0.63,2.2
0.282,6.35,0.63,2.2
0.282,6.36,0.63,2.21
0.282,6.37,0.63,2.21
0.282,6.38,0.63,2.21
0.282,6.39,0.63,2.22
0.282,6.4,0.63,2.22
0.282,6.41,0.63,2.22
0.282,6.42,0.63,2.23
0.282,6.43,0.63,2.23
0.282,6.44,0.64,2.23
0.282,6.45,0.64,2.24
0.282,6.46,0.64,2.24
0.282,6.47,0.64,2.25
0.282,6.48,0.64,2.25
0.282,6.49,0.64,2.25
0.282,6.5,0.64,2.26
0.282,6.51,0.64,2.26
0.282,6.52,0.64,2.26
0.282,6.53,0.64,2.27
0.282,6.54,0.65,2.27
0.282,6.55,0.65,2.27
0.282,6.56,0.65,2.28
0.282,6.57,0.65,2.28
0.282,6.58,0.65,2.28
0.282,6.59,0.65,2.29
0.282,6.6,0.65,2.29
0.282,6.61,0.65,2.29
0.282,6.62,0.65,2.3
0.282,6.63,0.65,2.3
0.282,6.64,0.66,2.3
0.282,6.65,0.66,2.31
0.282,6.66,0.66,2.31
0.282,6.67,0.66,2.32
0.282,6.68,0.66,2.32
0.282,6.69,0.66,2.32
0.282,6.7,0.66,2.33
0.282,6.71,0.66,2.33
0.282,6.72,0.66,2.33
0.282,6.73,0.66,2.34
0.282,6.74,0.67,2.34
0.282,6.75,0.67,2.34
0.282,6.76,0.67,2.35
0.282,6.77,0.67,2.35
0.282,6.78,0.67,2.35
0.282,6.79,0.67,2.36
0.282,6.8,0.67,2.36
0.282,6.81,0.67,2.36
0.282,6.82,0.67,2.37
0.282,6.83,0.67,2.37
0.282,6.84,0.68,2.37
0.282,6.85,0.68,2.38
0.282,6.86,0.68,2.38
0.282,6.87,0.68,2.39
0.282,6.88,0.68,2.39
0.282,6.89,0.68,2.39
0.282,6.9,0.68,2.4
0.282,6.91,0.68,2.4
0.282,6.92,0.68,2.4
0.282,6.93,0.68,2.41
0.282,6.94,0.69,2.41
0.282,6.95,0.69,2.41
0.282,6.96,0.69,2.42
0.282,6.97,0.69,2.42
0.282,6.98,0.69,2.42
0.282,6.99,0.69,2.43
0.282,7.0,0.69,2.43
0.282,7.01,0.69,2.43
0.282,7.02,0.69,2.44
0.282,7.03,0.69,2.44
0.282,7.04,0.7,2.44
0.282,7.05,0.7,2.45
0.282,7.06,0.7,2.45
0.282,7.07,0.7,2.46
0.282,7.08,0.7,2.46
0.282,7.09,0.7,2.46
0.282,7.1,0.7,2.47
0.282,7.11,0.7,2.47
0.282,7.12,0.7,2.47
0.282,7.13,0.7,2.48
0.282,7.14,0.71,2.48
0.282,7.15,0.71,2.48
0.282,7.16,0.71,2.49
0.282,7.17,0.71,2.49
0.282,7.18,0.71,2.49
0.282,7.19,0.71,2.5
0.282,7.2,0.71,2.5
0.282,7.21,0.71,2.5
0.282,7.22,0.71,2.51
0.282,7.23,0.71,2.51
0.282,7.24,0.72,2.51
0.282,7.25,0.72,2.52
0.282,7.26,0.72,2.52
0.282,7.27,0.72,2.53
0.282,7.28,0.72,2.53
0.282,7.29,0.72,2.53
0.282,7.3,0.72,2.54
0.282,7.31,0.72,2.54
0.282,7.32,0.72,2.54
0.282,7.33,0.72,2.55
0.282,7.34,0.73,2.55
0.282,7.35,0.73,2.55
0.282,7.36,0.73,2.56
0.282,7.37,0.73,2.56
0.282,7.38,0.73,2.56
0.282,7.39,0.73,2.57
0.282,7.4,0.73,2.57
0.282,7.41,0.73,2.57
0.282,7.42,0.73,2.58
0.282,7.43,0.73,2.58
0.282,7.44,0.74,2.58
0.282,7.45,0.74,2.59
0.282,7.46,0.74,2.59
0.282,7.47,0.74,2.6
0.282,7.48,0.74,2.6
0.282,7.49,0.74,2.6
0.282,7.5,0.74,2.61
0.282,7.51,0.74,2.61
0.282,7.52,0.74,2.61
0.282,7.53,0.74,2.62
0.282,7.54,0.75,2.62
0.282,7.55,0.75,2.62
0.282,7.56,0.75,2.63
0.282,7.57,0.75,2.63
0.282,7.58,0.75,2.63
0.282,7.59,0.75,2.64
0.282,7.6,0.75,2.64
0.282,7.61,0.75,2.64
0.282,7.62,0.75,2.65
0.282,7.63,0.75,2.65
0.282,7.64,0.76,2.65
0.282,7.65,0.76,2.66
0.282,7.66,0.76,2.66
0.282,7.67,0.76,2.67
0.282,7.68,0.76,2.67
0.282,7.69,0.76,2.67
0.282,7.7,0.76,2.68
0.282,7.71,0.76,2.68
0.282,7.72,0.76,2.68
0.282,7.73,0.76,2.69
0.282,7.74,0.77,2.69
0.282,7.75,0.77,2.69
0.282,7.76,0.77,2.7
0.282,7.77,0.77,2.7
0.282,7.78,0.77,2.7
0.282,7.79,0.77,2.71
0.282,7.8,0.77,2.71
0.282,7.81,0.77,2.71
0.282,7.82,0.77,2.72
0.282,7.83,0.77,2.72
0.282,7.84,0.78,2.72
0.282,7.85,0.78,2.73
0.282,7.86,0.78,2.73
0.282,7.87,0.78,2.74
0.282,7.88,0.78,2.74
0.282,7.89,0.78,2.74
0.282,7.9,0.78,2.75
0.282,7.91,0.78,2.75
0.282,7.92,0.78,2.75
0.282,7.93,0.78,2.76
0.282,7.94,0.79,2.76
0.282,7.95,0.79,2.76
0.282,7.96,0.79,2.77
0.282,7.97,0.79,2.77
0.282,7.98,0.79,2.77
0.282,7.99,0.79,2.78
0.282,8.0,0.79,2.78
0.282,8.01,0.79,2.78
0.282,8.02,0.79,2.79
0.282,8.03,0.79,2.79
0.282,8.04,0.8,2.79
0.282,8.05,0.8,2.8
0.282,8.06,0.8,2.8
0.282,8.07,0.8,2.81
0.282,8.08,0.8,2.81
0.282,8.09,0.8,2.81
0.282,8.1,0.8,2.82
0.282,8.11,0.8,2.82
0.282,8.12,0.8,2.82
0.282,8.13,0.8,2.83
0.282,8.14,0.81,2.83
0.282,8.15,0.81,2.83
0.282,8.16,0.81,2.84
0.282,8.17,0.81,2.84
0.282,8.18,0.81,2.84
0.282,8.19,0.81,2.85
0.282,8.2,0.81,2.85
0.282,8.21,0.81,2.85
0.282,8.22,0.81,2.86
0.282,8.23,0.81,2.86
0.282,8.24,0.82,2.86
0.282,8.25,0.82,2.87
0.282,8.26,0.82,2.87
0.282,8.27,0.82,2.88
0.282,8.28,0.82,2.88
0.282,8.29,0.82,2.88
0.282,8.3,0.82,2.89
0.282,8.31,0.82,2.89
0.282,8.32,0.82,2.89
0.282,8.33,0.82,2.9
0.282,8.34,0.83,2.9
0.282,8.35,0.83,2.9
0.282,8.36,0.83,2.91
0.282,8.37,0.83,2.91
0.282,8.38,0.83,2.91
0.282,8.39,0.83,2.92
0.282,8.4,0.83,2.92
0.282,8.41,0.83,2.92
0.282,8.42,0.83,2.93
0.282,8.43,0.83,2.93
0.282,8.44,0.84,2.93
0.282,8.45,0.84,2.94
0.282,8.46,0.84,2.94
0.282,8.47,0.84,2.95
0.282,8.48,0.84,2.95
0.282,8.49,0.84,2.95
0.282,8.5,0.84,2.96
0.282,8.51,0.84,2.96
0.282,8.52,0.84,2.96
0.282,8.53,0.84,2.97
0.282,8.54,0.85,2.97
0.282,8.55,0.85,2.97
0.282,8.56,0.85,2.98
0.282,8.57,0.85,2.98
0.282,8.58,0.85,2.98
0.282,8.59,0.85,2.99
0.282,8.6,0.85,2.99
0.282,8.61,0.85,2.99
0.282,8.62,0.85,3.0
0.282,8.63,0.85,3.0
0.282,8.64,0.86,3.0
0.282,8.65,0.86,3.01
0.282,8.66,0.86,3.01
0.282,8.67,0.86,3.02
0.282,8.68,0.86,3.02
0.282,8.69,0.86,3.02
0.282,8.7,0.86,3.03
0.282,8.71,0.86,3.03
0.282,8.72,0.86,3.03
0.282,8.73,0.86,3.04
0.282,8.74,0.87,3.04
0.282,8.75,0.87,3.04
0.282,8.76,0.87,3.05
0.282,8.77,0.87,3.05
0.282,8.78,0.87,3.05
0.282,8.79,0.87,3.06
0.282,8.8,0.87,3.06
0.282,8.81,0.87,3.06
0.282,8.82,0.87,3.07
0.282,8.83,0.87,3.07
0.282,8.84,0.88,3.07
0.282,8.85,0.88,3.08
0.282,8.86,0.88,3.08
0.282,8.87,0.88,3.09
0.282,8.88,0.88,3.09
0.282,8.89,0.88,3.09
0.282,8.9,0.88,3.1
0.282,8.91,0.88,3.1
0.282,8.92,0.88,3.1
0.282,8.93,0.88,3.11
0.282,8.94,0.89,3.11
0.282,8.95,0.89,3.11
0.282,8.96,0.89,3.12
0.282,8.97,0.89,3.12
0.282,8.98,0.89,3.12
0.282,8.99,0.89,3.13
0.282,9.0,0.89,3.13
0.282,9.01,0.89,3.13
0.282,9.02,0.89,3.14
0.282,9.03,0.89,3.14
0.282,9.04,0.9,3.14
0.282,9.05,0.9,3.15
0.282,9.06,0.9,3.15
0.282,9.07,0.9,3.16
0.282,9.08,0.9,3.16
0.282,9.09,0.9,3.16
0.282,9.1,0.9,3.17
0.282,9.11,0.9,3.17
0.282,9.12,0.9,3.17
0.282,9.13,0.9,3.18
0.282,9.14,0.91,3.18
0.282,9.15,0.91,3.18
0.282,9.16,0.91,3.19
0.282,9.17,0.91,3.19
0.282,9.18,0.91,3.19
0.282,9.19,0.91,3.2
0.282,9.2,0.91,3.2
0.282,9.21,0.91,3.2
0.282,9.22,0.91,3.21
0.282,9.23,0.91,3.21
0.282,9.24,0.92,3.21
0.282,9.25,0.92,3.22
0.282,9.26,0.92,3.22
0.282,9.27,0.92,3.23
0.282,9.28,0.92,3.23
0.282,9.29,0.92,3.23
0.282,9.3,0.92,3.24
0.282,9.31,0.92,3.24
0.282,9.32,0.92,3.24
0.282,9.33,0.92,3.25
0.282,9.34,0.93,3.25
0.282,9.35,0.93,3.25
0.282,9.36,0.93,3.26
0.282,9.37,0.93,3.26
0.282,9.38,0.93,3.26
0.282,9.39,0.93,3.27
0.282,9.4,0.93,3.27
0.282,9.41,0.93,3.27
0.282,9.42,0.93,3.28
0.282,9.43,0.93,3.28
0.282,9.44,0.94,3.28
0.282,9.45,0.94,3.29
0.282,9.46,0.94,3.29
0.282,9.47,0.94,3.3
0.282,9.48,0.94,3.3
0.282,9.49,0.94,3.3
0.282,9.5,0.94,3.31
0.282,9.51,0.94,3.31
0.282,9.52,0.94,3.31
0.282,9.53,0.94,3.32
0.282,9.54,0.95,3.32
0.282,9.55,0.95,3.32
0.282,9.56,0.95,3.33
0.282,9.57,0.95,3.33
0.282,9.58,0.95,3.33
0.282,9.59,0.95,3.34
0.282,9.6,0.95,3.34
0.282,9.61,0.95,3.34
0.282,9.62,0.95,3.35
0.282,9.63,0.95,3.35
0.282,9.64,0.96,3.35
0.282,9.65,0.96,3.36
0.282,9.66,0.96,3.36
0.282,9.67,0.96,3.37
0.282,9.68,0.96,3.37
0.282,9.69,0.96,3.37
0.282,9.7,0.96,3.38
0.282,9.71,0.96,3.38
0.282,9.72,0.96,3.38
0.282,9.73,0.96,3.39
0.282,9.74,0.97,3.39
0.282,9.75,0.97,3.39
0.282,9.76,0.97,3.4
0.282,9.77,0.97,3.4
0.282,9.78,0.97,3.4
0.282,9.79,0.97,3.41
0.282,9.8,0.97,3.41
0.282,9.81,0.97,3.41
0.282,9.82,0.97,3.42
0.282,9.83,0.97,3.42
0.282,9.84,0.98,3.42
0.282,9.85,0.98,3.43
0.282,9.86,0.98,3.43
0.282,9.87,0.98,3.44
0.282,9.88,0.98,3.44
0.282,9.89,0.98,3.44
0.282,9.9,0.98,3.45
0.282,9.91,0.98,3.45
0.282,9.92,0.98,3.45
0.282,9.93,0.98,3.46
0.282,9.94,0.99,3.46
0.282,9.95,0.99,3.46
0.282,9.96,0.99,3.47
0.282,9.97,0.99,3.47
0.282,9.98,0.99,3.47
0.282,9.99,0.99,3.48
0.282,10.0,0.99,3.48
0.282,10.01,0.99,3.48
0.282,10.02,0.99,3.49
0.282,10.03,0.99,3.49
0.282,10.04,1.0,3.49
0.282,10.05,1.0,3.5
0.282,10.06,1.0,3.5
0.282,10.07,1.0,3.51
0.282,10.08,1.0,3.51
0.282,10.09,1.0,3.51
0.282,10.1,1.0,3.52
0.282,10.11,1.0,3.52
0.282,10.12,1.0,3.52
0.282,10.13,1.0,3.53
0.282,10.14,1.01,3.53
0.282,10.15,1.01,3.53
0.282,10.16,1.01,3.54
0.282,10.17,1.01,3.54
0.282,10.18,1.01,3.54
0.282,10.19,1.01,3.55
0.282,10.2,1.01,3.55
0.282,10.21,1.01,3.55
0.282,10.22,1.01,3.56
0.282,10.23,1.01,3.56
0.282,10.24,1.02,3.56
0.282,10.25,1.02,3.57
0.282,10.26,1.02,3.57
0.282,10.27,1.02,3.58
0.282,10.28,1.02,3.58
0.282,10.29,1.02,3.58
0.282,10.3,1.02,3.59
0.282,10.31,1.02,3.59
0.282,10.32,1.02,3.59
0.282,10.33,1.02,3.6
0.282,10.34,1.03,3.6
0.282,10.35,1.03,3.6
0.282,10.36,1.03,3.61
0.282,10.37,1.03,3.61
0.282,10.38,1.03,3.61
0.282,10.39,1.03,3.62
0.282,10.4,1.03,3.62
0.282,10.41,1.03,3.62
0.282,10.42,1.03,3.63
0.282,10.43,1.03,3.63
0.282,10.44,1.04,3.63
0.282,10.45,1.04,3.64
0.282,10.46,1.04,3.64
0.282,10.47,1.04,3.65
0.282,10.48,1.04,3.65
0.282,10.49,1.04,3.65
0.282,10.5,1.04,3.66
0.282,10.51,1.04,3.66
0.282,10.52,1.04,3.66
0.282,10.53,1.04,3.67
0.282,10.54,1.05,3.67
0.282,10.55,1.05,3.67
0.282,10.56,1.05,3.68
0.282,10.57,1.05,3.68
0.282,10.58,1.05,3.68
0.282,10.59,1.05,3.69
0.282,10.6,1.05,3.69
0.282,10.61,1.05,3.69
0.282,10.62,1.05,3.7
0.282,10.63,1.05,3.7
0.282,10.64,1.06,3.7
0.282,10.65,1.06,3.71
0.282,10.66,1.06,3.71
0.282,10.67,1.06,3.72
0.282,10.68,1.06,3.72
0.282,10.69,1.06,3.72
0.282,10.7,1.06,3.73
0.282,10.71,1.06,3.73
0.282,10.72,1.06,3.73
0.282,10.73,1.06,3.74
0.282,10.74,1.07,3.74
0.282,10.75,1.07,3.74
0.282,10.76,1.07,3.75
0.282,10.77,1.07,3.75
0.282,10.78,1.07,3.75
0.282,10.79,1.07,3.76
0.282,10.8,1.07,3.76
0.282,10.81,1.07,3.76
0.282,10.82,1.07,3.77
0.282,10.83,1.07,3.77
0.282,10.84,1.08,3.77
0.282,10.85,1.08,3.78
0.282,10.86,1.08,3.78
0.282,10.87,1.08,3.79
0.282,10.88,1.08,3.79
0.282,10.89,1.08,3.79
0.282,10.9,1.08,3.8
0.282,10.91,1.08,3.8
0.282,10.92,1.08,3.8
0.282,10.93,1.08,3.81
0.282,10.94,1.09,3.81
0.282,10.95,1.09,3.81
0.282,10.96,1.09,3.82
0.282,10.97,1.09,3.82
0.282,10.98,1.09,3.82
0.282,10.99,1.09,3.83
0.282,11.0,1.09,3.83
0.282,11.01,1.09,3.83
0.282,11.02,1.09,3.84
0.282,11.03,1.09,3.84
0.282,11.04,1.1,3.84
0.282,11.05,1.1,3.85
0.282,11.06,1.1,3.85
0.282,11.07,1.1,3.86
0.282,11.08,1.1,3.86
0.282,11.09,1.1,3.86
0.282,11.1,1.1,3.87
0.282,11.11,1.1,3.87
0.282,11.12,1.1,3.87
0.282,11.13,1.1,3.88
0.282,11.14,1.11,3.88
0.282,11.15,1.11,3.88
0.282,11.16,1.11,3.89
0.282,11.17,1.11,3.89
0.282,11.18,1.11,3.89
0.282,11.19,1.11,3.9
0.282,11.2,1.11,3.9
0.282,11.21,1.11,3.9
0.282,11.22,1.11,3.91
0.282,11.23,1.11,3.91
0.282,11.24,1.12,3.91
0.282,11.25,1.12,3.92
0.282,11.26,1.12,3.92
0.282,11.27,1.12,3.93
0.282,11.28,1.12,3.93
0.282,11.29,1.12,3.93
0.282,11.3,1.12,3.94
0.282,11.31,1.12,3.94
0.282,11.32,1.12,3.94
0.282,11.33,1.12,3.95
0.282,11.34,1.13,3.95
0.282,11.35,1.13,3.95
0.282,11.36,1.13,3.96
0.282,11.37,1.13,3.96
0.282,11.38,1.13,3.96
0.282,11.39,1.13,3.97
0.282,11.4,1.13,3.97
0.282,11.41,1.13,3.97
0.282,11.42,1.13,3.98
0.282,11.43,1.13,3.98
0.282,11.44,1.14,3.98
0.282,11.45,1.14,3.99
0.282,11.46,1.14,3.99
0.282,11.47,1.14,4.0
0.282,11.48,1.14,4.0
0.282,11.49,1.14,4.0
0.282,11.5,1.14,4.01
0.282,11.51,1.14,4.01
0.282,11.52,1.14,4.01
0.282,11.53,1.14,4.02
0.282,11.54,1.15,4.02
0.282,11.55,1.15,4.02
0.282,11.56,1.15,4.03
0.282,11.57,1.15,4.03
0.282,11.58,1.15,4.03
0.282,11.59,1.15,4.04
0.282,11.6,1.15,4.04
0.282,11.61,1.15,4.04
0.282,11.62,1.15,4.05
0.282,11.63,1.15,4.05
0.282,11.64,1.16,4.05
0.282,11.65,1.16,4.06
0.282,11.66,1.16,4.06
0.282,11.67,1.16,4.07
0.282,11.68,1.16,4.07
0.282,11.69,1.16,4.07
0.282,11.7,1.16,4.08
0.282,11.71,1.16,4.08
0.282,11.72,1.16,4.08
0.282,11.73,1.16,4.09
0.282,11.74,1.17,4.09
0.282,11.75,1.17,4.09
0.282,11.76,1.17,4.1
0.282,11.77,1.17,4.1
0.282,11.78,1.17,4.1
0.282,11.79,1.17,4.11
0.282,11.8,1.17,4.11
0.282,11.81,1.17,4.11
0.282,11.82,1.17,4.12
0.282,11.83,1.17,4.12
0.282,11.84,1.18,4.12
0.282,11.85,1.18,4.13
0.282,11.86,1.18,4.13
0.282,11.87,1.18,4.14
0.282,11.88,1.18,4.14
0.282,11.89,1.18,4.14
0.282,11.9,1.18,4.15
0.282,11.91,1.18,4.15
0.282,11.92,1.18,4.15
0.282,11.93,1.18,4.16
0.282,11.94,1.19,4.16
0.282,11.95,1.19,4.16
0.282,11.96,1.19,4.17
0.282,11.97,1.19,4.17
0.282,11.98,1.19,4.17
0.282,11.99,1.19,4.18
0.282,12.0,1.19,4.18
0.282,12.01,1.19,4.18
0.282,12.02,1.19,4.19
0.282,12.03,1.19,4.19
0.282,12.04,1.2,4.19
0.282,12.05,1.2,4.2
0.282,12.06,1.2,4.2
0.282,12.07,1.2,4.21
0.282,12.08,1.2,4.21
0.282,12.09,1.2,4.21
0.282,12.1,1.2,4.22
0.282,12.11,1.2,4.22
0.282,12.12,1.2,4.22
0.282,12.13,1.2,4.23
0.282,12.14,1.21,4.23
0.282,12.15,1.21,4.23
0.282,12.16,1.21,4.24
0.282,12.17,1.21,4.24
0.282,12.18,1.21,4.24
0.282,12.19,1.21,4.25
0.282,12.2,1.21,4.25
0.282,12.21,1.21,4.25
0.282,12.22,1.21,4.26
0.282,12.23,1.21,4.26
0.282,12.24,1.22,4.26
0.282,12.25,1.22,4.27
0.282,12.26,1.22,4.27
0.282,12.27,1.22,4.28
0.282,12.28,1.22,4.28
0.282,12.29,1.22,4.28
0.282,12.3,1.22,4.29
0.282,12.31,1.22,4.29
0.282,12.32,1.22,4.29
0.282,12.33,1.22,4.3
0.282,12.34,1.23,4.3
0.282,12.35,1.23,4.3
0.282,12.36,1.23,4.31
0.282,12.37,1.23,4.31
0.282,12.38,1.23,4.31
0.282,12.39,1.23,4.32
0.282,12.4,1.23,4.32
0.282,12.41,1.23,4.32
0.282,12.42,1.23,4.33
0.282,12.43,1.23,4.33
0.282,12.44,1.24,4.33
0.282,12.45,1.24,4.34
0.282,12.46,1.24,4.34
0.282,12.47,1.24,4.35
0.282,12.48,1.24,4.35
0.282,12.49,1.24,4.35
0.282,12.5,1.24,4.36
0.282,12.51,1.24,4.36
0.282,12.52,1.24,4.36
0.282,12.53,1.24,4.37
0.282,12.54,1.25,4.37
0.282,12.55,1.25,4.37
0.282,12.56,1.25,4.38
0.282,12.57,1.25,4.38
0.282,12.58,1.25,4.38
0.282,12.59,1.25,4.39
0.282,12.6,1.25,4.39
0.282,12.61,1.25,4.39
0.282,12.62,1.25,4.4
0.282,12.63,1.25,4.4
0.282,12.64,1.26,4.4
0.282,12.65,1.26,4.41
0.282,12.66,1.26,4.41
0.282,12.67,1.26,4.42
0.282,12.68,1.26,4.42
0.282,12.69,1.26,4.42
0.282,12.7,1.26,4.43
0.282,12.71,1.26,4.43
0.282,12.72,1.26,4.43
0.282,12.73,1.26,4.44
0.282,12.74,1.27,4.44
0.282,12.75,1.27,4.44
0.282,12.76,1.27,4.45
0.282,12.77,1.27,4.45
0.282,12.78,1.27,4.45
0.282,12.79,1.27,4.46
0.282,12.8,1.27,4.46
0.282,12.81,1.27,4.46
0.282,12.82,1.27,4.47
0.282,12.83,1.27,4.47
0.282,12.84,1.28,4.47
0.282,12.85,1.28,4.48
0.282,12.86,1.28,4.48
0.282,12.87,1.28,4.49
0.282,12.88,1.28,4.49
0.282,12.89,1.28,4.49
0.282,12.9,1.28,4.5
0.282,12.91,1.28,4.5
0.282,12.92,1.28,4.5
0.282,12.93,1.28,4.51
0.282,12.94,1.29,4.51
0.282,12.95,1.29,4.51
0.282,12.96,1.29,4.52
0.282,12.97,1.29,4.52
0.282,12.98,1.29,4.52
0.282,12.99,1.29,4.53
0.282,13.0,1.29,4.53
0.282,13.01,1.29,4.53
0.282,13.02,1.29,4.54
0.282,13.03,1.29,4.54
0.282,13.04,1.3,4.54
0.282,13.05,1.3,4.55
0.282,13.06,1.3,4.55
0.282,13.07,1.3,4.56
0.282,13.08,1.3,4.56
0.282,13.09,1.3,4.56
0.282,13.1,1.3,4.57
0.282,13.11,1.3,4.57
0.282,13.12,1.3,4.57
0.282,13.13,1.3,4.58
0.282,13.14,1.31,4.58
0.282,13.15,1.31,4.58
0.282,13.16,1.31,4.59
0.282,13.17,1.31,4.59
0.282,13.18,1.31,4.59
0.282,13.19,1.31,4.6
0.282,13.2,1.31,4.6
0.282,13.21,1.31,4.6
0.282,13.22,1.31,4.61
0.282,13.23,1.31,4.61
0.282,13.24,1.32,4.61
0.282,13.25,1.32,4.62
0.282,13.26,1.32,4.62
0.282,13.27,1.32,4.63
0.282,13.28,1.32,4.63
0.282,13.29,1.32,4.63
0.282,13.3,1.32,4.64
0.282,13.31,1.32,4.64
0.282,13.32,1.32,4.64
0.282,13.33,1.32,4.65
0.282,13.34,1.33,4.65
0.282,13.35,1.33,4.65
0.282,13.36,1.33,4.66
0.282,13.37,1.33,4.66
0.282,13.38,1.33,4.66
0.282,13.39,1.33,4.67
0.282,13.4,1.33,4.67
0.282,13.41,1.33,4.67
0.282,13.42,1.33,4.68
0.282,13.43,1.33,4.68
0.282,13.44,1.34,4.68
0.282,13.45,1.34,4.69
0.282,13.46,1.34,4.69
0.282,13.47,1.34,4.7
0.282,13.48,1.34,4.7
0.282,13.49,1.34,4.7
0.282,13.5,1.34,4.71
0.282,13.51,1.34,4.71
0.282,13.52,1.34,4.71
0.282,13.53,1.34,4.72
0.282,13.54,1.35,4.72
0.282,13.55,1.35,4.72
0.282,13.56,1.35,4.73
0.282,13.57,1.35,4.73
0.282,13.58,1.35,4.73
0.282,13.59,1.35,4.74
0.282,13.6,1.35,4.74
0.282,13.61,1.35,4.74
0.282,13.62,1.35,4.75
0.282,13.63,1.35,4.75
0.282,13.64,1.36,4.75
0.282,13.65,1.36,4.76
0.282,13.66,1.36,4.76
0.282,13.67,1.36,4.77
0.282,13.68,1.36,4.77
0.282,13.69,1.36,4.77
0.282,13.7,1.36,4.78
0.282,13.71,1.36,4.78
0.282,13.72,1.36,4.78
0.282,13.73,1.36,4.79
0.282,13.74,1.37,4.79
0.282,13.75,1.37,4.79
0.282,13.76,1.37,4.8
0.282,13.77,1.37,4.8
0.282,13.78,1.37,4.8
0.282,13.79,1.37,4.81
0.282,13.8,1.37,4.81
0.282,13.81,1.37,4.81
0.282,13.82,1.37,4.82
0.282,13.83,1.37,4.82
0.282,13.84,1.38,4.82
0.282,13.85,1.38,4.83
0.282,13.86,1.38,4.83
0.282,13.87,1.38,4.84
0.282,13.88,1.38,4.84
0.282,13.89,1.38,4.84
0.282,13.9,1.38,4.85
0.282,13.91,1.38,4.85
0.282,13.92,1.38,4.85
0.282,13.93,1.38,4.86
0.282,13.94,1.39,4.86
0.282,13.95,1.39,4.86
0.282,13.96,1.39,4.87
0.282,13.97,1.39,4.87
0.282,13.98,1.39,4.87
0.282,13.99,1.39,4.88
0.282,14.0,1.39,4.88
0.282,14.01,1.39,4.88
0.282,14.02,1.39,4.89
0.282,14.03,1.39,4.89
0.282,14.04,1.4,4.89
0.282,14.05,1.4,4.9
0.282,14.06,1.4,4.9
0.282,14.07,1.4,4.91
0.282,14.08,1.4,4.91
0.282,14.09,1.4,4.91
0.282,14.1,1.4,4.92
0.282,14.11,1.4,4.92
0.282,14.12,1.4,4.92
0.282,14.13,1.4,4.93
0.282,14.14,1.41,4.93
0.282,14.15,1.41,4.93
0.282,14.16,1.41,4.94
0.282,14.17,1.41,4.94
0.282,14.18,1.41,4.94
0.282,14.19,1.41,4.95
0.282,14.2,1.41,4.95
0.282,14.21,1.41,4.95
0.282,14.22,1.41,4.96
0.282,14.23,1.41,4.96
0.282,14.24,1.42,4.96
0.282,14.25,1.42,4.97
0.282,14.26,1.42,4.97
0.282,14.27,1.42,4.98
0.282,14.28,1.42,4.98
0.282,14.29,1.42,4.98
0.282,14.3,1.42,4.99
0.282,14.31,1.42,4.99
0.282,14.32,1.42,4.99
0.282,14.33,1.42,5.0
0.282,14.34,1.43,5.0
0.282,14.35,1.43,5.0
0.282,14.36,1.43,5.01
0.282,14.37,1.43,5.01
0.282,14.38,1.43,5.01
0.282,14.39,1.43,5.02
0.282,14.4,1.43,5.02
0.282,14.41,1.43,5.02
0.282,14.42,1.43,5.03
0.282,14.43,1.43,5.03
0.282,14.44,1.44,5.03
0.282,14.45,1.44,5.04
0.282,14.46,1.44,5.04
0.282,14.47,1.44,5.05
0.282,14.48,1.44,5.05
0.282,14.49,1.44,5.05
0.282,14.5,1.44,5.06
0.282,14.51,1.44,5.06
0.282,14.52,1.44,5.06
0.282,14.53,1.44,5.07
0.282,14.54,1.45,5.07
0.282,14.55,1.45,5.07
0.282,14.56,1.45,5.08
0.282,14.57,1.45,5.08
0.282,14.58,1.45,5.08
0.282,14.59,1.45,5.09
0.282,14.6,1.45,5.09
0.282,14.61,1.45,5.09
0.282,14.62,1.45,5.1
0.282,14.63,1.45,5.1
0.282,14.64,1.46,5.1
0.282,14.65,1.46,5.11
0.282,14.66,1.46,5.11
0.282,14.67,1.46,5.12
0.282,14.68,1.46,5.12
0.282,14.69,1.46,5.12
0.282,14.7,1.46,5.13
0.282,14.71,1.46,5.13
0.282,14.72,1.46,5.13
0.282,14.73,1.46,5.14
0.282,14.74,1.47,5.14
0.282,14.75,1.47,5.14
0.282,14.76,1.47,5.15
0.282,14.77,1.47,5.15
0.282,14.78,1.47,5.15
0.282,14.79,1.47,5.16
0.282,14.8,1.47,5.16
0.282,14.81,1.47,5.16
0.282,14.82,1.47,5.17
0.282,14.83,1.47,5.17
0.282,14.84,1.48,5.17
0.282,14.85,1.48,5.18
0.282,14.86,1.48,5.18
0.282,14.87,1.48,5.19
0.282,14.88,1.48,5.19
0.282,14.89,1.48,5.19
0.282,14.9,1.48,5.2
0.282,14.91,1.48,5.2
0.282,14.92,1.48,5.2
0.282,14.93,1.48,5.21
0.282,14.94,1.49,5.21
0.282,14.95,1.49,5.21
0.282,14.96,1.49,5.22
0.282,14.97,1.49,5.22
0.282,14.98,1.49,5.22
0.282,14.99,1.49,5.23
0.282,15.0,1.49,5.23
0.282,15.01,1.49,5.23
0.282,15.02,1.49,5.24
0.282,15.03,1.49,5.24
0.282,15.04,1.5,5.24
0.282,15.05,1.5,5.25
0.282,15.06,1.5,5.25
0.282,15.07,1.5,5.26
0.282,15.08,1.5,5.26
0.282,15.09,1.5,5.26
0.282,15.1,1.5,5.27
0.282,15.11,1.5,5.27
0.282,15.12,1.5,5.27
0.282,15.13,1.5,5.28
0.282,15.14,1.51,5.28
0.282,15.15,1.51,5.28
0.282,15.16,1.51,5.29
0.282,15.17,1.51,5.29
0.282,15.18,1.51,5.29
0.282,15.19,1.51,5.3
0.282,15.2,1.51,5.3
0.282,15.21,1.51,5.3
0.282,15.22,1.51,5.31
0.282,15.23,1.51,5.31
0.282,15.24,1.52,5.31
0.282,15.25,1.52,5.32
0.282,15.26,1.52,5.32
0.282,15.27,1.52,5.33
0.282,15.28,1.52,5.33
0.282,15.29,1.52,5.33
0.282,15.3,1.52,5.34
0.282,15.31,1.52,5.34
0.282,15.32,1.52,5.34
0.282,15.33,1.52,5.35
0.282,15.34,1.53,5.35
0.282,15.35,1.53,5.35
0.282,15.36,1.53,5.36
0.282,15.37,1.53,5.36
0.282,15.38,1.53,5.36
0.282,15.39,1.53,5.37
0.282,15.4,1.53,5.37
0.282,15.41,1.53,5.37
0.282,15.42,1.53,5.38
0.282,15.43,1.53,5.38
0.282,15.44,1.54,5.38
0.282,15.45,1.54,5.39
0.282,15.46,1.54,5.39
0.282,15.47,1.54,5.4
0.282,15.48,1.54,5.4
0.282,15.49,1.54,5.4
0.282,15.5,1.54,5.41
0.282,15.51,1.54,5.41
0.282,15.52,1.54,5.41
0.282,15.53,1.54,5.42
0.282,15.54,1.55,5.42
0.282,15.55,1.55,5.42
0.282,15.56,1.55,5.43
0.282,15.57,1.55,5.43
0.282,15.58,1.55,5.43
0.282,15.59,1.55,5.44
0.282,15.6,1.55,5.44
0.282,15.61,1.55,5.44
0.282,15.62,1.55,5.45
0.282,15.63,1.55,5.45
0.282,15.64,1.56,5.45
0.282,15.65,1.56,5.46
0.282,15.66,1.56,5.46
0.282,15.67,1.56,5.47
0.282,15.68,1.56,5.47
0.282,15.69,1.56,5.47
0.282,15.7,1.56,5.48
0.282,15.71,1.56,5.48
0.282,15.72,1.56,5.48
0.282,15.73,1.56,5.49
0.282,15.74,1.57,5.49
0.282,15.75,1.57,5.49
0.282,15.76,1.57,5.5
0.282,15.77,1.57,5.5
0.282,15.78,1.57,5.5
0.282,15.79,1.57,5.51
0.282,15.8,1.57,5.51
0.282,15.81,1.57,5.51
0.282,15.82,1.57,5.52
0.282,15.83,1.57,5.52
0.282,15.84,1.58,5.52
0.282,15.85,1.58,5.53
0.282,15.86,1.58,5.53
0.282,15.87,1.58,5.54
0.282,15.88,1.58,5.54
0.282,15.89,1.58,5.54
0.282,15.9,1.58,5.55
0.282,15.91,1.58,5.55
0.282,15.92,1.58,5.55
0.282,15.93,1.58,5.56
0.282,15.94,1.59,5.56
0.282,15.95,1.59,5.56
0.282,15.96,1.59,5.57
0.282,15.97,1.59,5.57
0.282,15.98,1.59,5.57
0.282,15.99,1.59,5.58
0.282,16.0,1.59,5.58
0.282,16.01,1.59,5.58
0.282,16.02,1.59,5.59
0.282,16.03,1.59,5.59
0.282,16.04,1.6,5.59
0.282,16.05,1.6,5.6
0.282,16.06,1.6,5.6
0.282,16.07,1.6,5.61
0.282,16.08,1.6,5.61
0.282,16.09,1.6,5.61
0.282,16.1,1.6,5.62
0.282,16.11,1.6,5.62
0.282,16.12,1.6,5.62
0.282,16.13,1.6,5.63
0.282,16.14,1.61,5.63
0.282,16.15,1.61,5.63
0.282,16.16,1.61,5.64
0.282,16.17,1.61,5.64
0.282,16.18,1.61,5.64
0.282,16.19,1.61,5.65
0.282,16.2,1.61,5.65
0.282,16.21,1.61,5.65
0.282,16.22,1.61,5.66
0.282,16.23,1.61,5.66
0.282,16.24,1.62,5.66
0.282,16.25,1.62,5.67
0.282,16.26,1.62,5.67
0.282,16.27,1.62,5.68
0.282,16.28,1.62,5.68
0.282,16.29,1.62,5.68
0.282,16.3,1.62,5.69
0.282,16.31,1.62,5.69
0.282,16.32,1.62,5.69
0.282,16.33,1.62,5.7
0.282,16.34,1.63,5.7
0.282,16.35,1.63,5.7
0.282,16.36,1.63,5.71
0.282,16.37,1.63,5.71
0.282,16.38,1.63,5.71
0.282,16.39,1.63,5.72
0.282,16.4,1.63,5.72
0.282,16.41,1.63,5.72
0.282,16.42,1.63,5.73
0.282,16.43,1.63,5.73
0.282,16.44,1.64,5.73
0.282,16.45,1.64,5.74
0.282,16.46,1.64,5.74
0.282,16.47,1.64,5.75
0.282,16.48,1.64,5.75
0.282,16.49,1.64,5.75
0.282,16.5,1.64,5.76
0.282,16.51,1.64,5.76
0.282,16.52,1.64,5.76
0.282,16.53,1.64,5.77
0.282,16.54,1.65,5.77
0.282,16.55,1.65,5.77
0.282,16.56,1.65,5.78
0.282,16.57,1.65,5.78
0.282,16.58,1.65,5.78
0.282,16.59,1.65,5.79
0.282,16.6,1.65,5.79
0.282,16.61,1.65,5.79
0.282,16.62,1.65,5.8
0.282,16.63,1.65,5.8
0.282,16.64,1.66,5.8
0.282,16.65,1.66,5.81
0.282,16.66,1.66,5.81
0.282,16.67,1.66,5.82
0.282,16.68,1.66,5.82
0.282,16.69,1.66,5.82
0.282,16.7,1.66,5.83
0.282,16.71,1.66,5.83
0.282,16.72,1.66,5.83
0.282,16.73,1.66,5.84
0.282,16.74,1.67,5.84
0.282,16.75,1.67,5.84
0.282,16.76,1.67,5.85
0.282,16.77,1.67,5.85
0.282,16.78,1.67,5.85
0.282,16.79,1.67,5.86
0.282,16.8,1.67,5.86
0.282,16.81,1.67,5.86
0.282,16.82,1.67,5.87
0.282,16.83,1.67,5.87
0.282,16.84,1.68,5.87
0.282,16.85,1.68,5.88
0.282,16.86,1.68,5.88
0.282,16.87,1.68,5.89
0.282,16.88,1.68,5.89
0.282,16.89,1.68,5.89
0.282,16.9,1.68,5.9
0.282,16.91,1.68,5.9
0.282,16.92,1.68,5.9
0.282,16.93,1.68,5.91
0.282,16.94,1.69,5.91
0.282,16.95,1.69,5.91
0.282,16.96,1.69,5.92
0.282,16.97,1.69,5.92
0.282,16.98,1.69,5.92
0.282,16.99,1.69,5.93
0.282,17.0,1.69,5.93
0.282,17.01,1.69,5.93
0.282,17.02,1.69,5.94
0.282,17.03,1.69,5.94
0.282,17.04,1.7,5.94
0.282,17.05,1.7,5.95
0.282,17.06,1.7,5.95
0.282,17.07,1.7,5.96
0.282,17.08,1.7,5.96
0.282,17.09,1.7,5.96
0.282,17.1,1.7,5.97
0.282,17.11,1.7,5.97
0.282,17.12,1.7,5.97
0.282,17.13,1.7,5.98
0.282,17.14,1.71,5.98
0.282,17.15,1.71,5.98
0.282,17.16,1.71,5.99
0.282,17.17,1.71,5.99
0.282,17.18,1.71,5.99
0.282,17.19,1.71,6.0
0.282,17.2,1.71,6.0
0.282,17.21,1.71,6.0
0.282,17.22,1.71,6.01
0.282,17.23,1.71,6.01
0.282,17.24,1.72,6.01
0.282,17.25,1.72,6.02
0.282,17.26,1.72,6.02
0.282,17.27,1.72,6.03
0.282,17.28,1.72,6.03
0.282,17.29,1.72,6.03
0.282,17.3,1.72,6.04
0.282,17.31,1.72,6.04
0.282,17.32,1.72,6.04
0.282,17.33,1.72,6.05
0.282,17.34,1.73,6.05
0.282,17.35,1.73,6.05
0.282,17.36,1.73,6.06
0.282,17.37,1.73,6.06
0.282,17.38,1.73,6.06
0.282,17.39,1.73,6.07
0.282,17.4,1.73,6.07
0.282,17.41,1.73,6.07
0.282,17.42,1.73,6.08
0.282,17.43,1.73,6.08
0.282,17.44,1.74,6.08
0.282,17.45,1.74,6.09
0.282,17.46,1.74,6.09
0.282,17.47,1.74,6.1
0.282,17.48,1.74,6.1
0.282,17.49,1.74,6.1
0.282,17.5,1.74,6.11
0.282,17.51,1.74,6.11
0.282,17.52,1.74,6.11
0.282,17.53,1.74,6.12
0.282,17.54,1.75,6.12
0.282,17.55,1.75,6.12
0.282,17.56,1.75,6.13
0.282,17.57,1.75,6.13
0.282,17.58,1.75,6.13
0.282,17.59,1.75,6.14
0.282,17.6,1.75,6.14
0.282,17.61,1.75,6.14
0.282,17.62,1.75,6.15
0.282,17.63,1.75,6.15
0.282,17.64,1.76,6.15
0.282,17.65,1.76,6.16
0.282,17.66,1.76,6.16
0.282,17.67,1.76,6.17
0.282,17.68,1.76,6.17
0.282,17.69,1.76,6.17
0.282,17.7,1.76,6.18
0.282,17.71,1.76,6.18
0.282,17.72,1.76,6.18
0.282,17.73,1.76,6.19
0.282,17.74,1.77,6.19
0.282,17.75,1.77,6.19
0.282,17.76,1.77,6.2
0.282,17.77,1.77,6.2
0.282,17.78,1.77,6.2
0.282,17.79,1.77,6.21
0.282,17.8,1.77,6.21
0.282,17.81,1.77,6.21
0.282,17.82,1.77,6.22
0.282,17.83,1.77,6.22
0.282,17.84,1.78,6.22
0.282,17.85,1.78,6.23
0.282,17.86,1.78,6.23
0.282,17.87,1.78,6.24
0.282,17.88,1.78,6.24
0.282,17.89,1.78,6.24
0.282,17.9,1.78,6.25
0.282,17.91,1.78,6.25
0.282,17.92,1.78,6.25
0.282,17.93,1.78,6.26
0.282,17.94,1.79,6.26
0.282,17.95,1.79,6.26
0.282,17.96,1.79,6.27
0.282,17.97,1.79,6.27
0.282,17.98,1.79,6.27
0.282,17.99,1.79,6.28
0.282,18.0,1.79,6.28
0.282,18.01,1.79,6.28
0.282,18.02,1.79,6.29
0.282,18.03,1.79,6.29
0.282,18.04,1.8,6.29
0.282,18.05,1.8,6.3
0.282,18.06,1.8,6.3
0.282,18.07,1.8,6.31
0.282,18.08,1.8,6.31
0.282,18.09,1.8,6.31
0.282,18.1,1.8,6.32
0.282,18.11,1.8,6.32
0.282,18.12,1.8,6.32
0.282,18.13,1.8,6.33
0.282,18.14,1.81,6.33
0.282,18.15,1.81,6.33
0.282,18.16,1.81,6.34
0.282,18.17,1.81,6.34
0.282,18.18,1.81,6.34
0.282,18.19,1.81,6.35
0.282,18.2,1.81,6.35
0.282,18.21,1.81,6.35
0.282,18.22,1.81,6.36
0.282,18.23,1.81,6.36
0.282,18.24,1.82,6.36
0.282,18.25,1.82,6.37
0.282,18.26,1.82,6.37
0.282,18.27,1.82,6.38
0.282,18.28,1.82,6.38
0.282,18.29,1.82,6.38
0.282,18.3,1.82,6.39
0.282,18.31,1.82,6.39
0.282,18.32,1.82,6.39
0.282,18.33,1.82,6.4
0.282,18.34,1.83,6.4
0.282,18.35,1.83,6.4
0.282,18.36,1.83,6.41
0.282,18.37,1.83,6.41
0.282,18.38,1.83,6.41
0.282,18.39,1.83,6.42
0.282,18.4,1.83,6.42
0.282,18.41,1.83,6.42
0.282,18.42,1.83,6.43
0.282,18.43,1.83,6.43
0.282,18.44,1.84,6.43
0.282,18.45,1.84,6.44
0.282,18.46,1.84,6.44
0.282,18.47,1.84,6.45
0.282,18.48,1.84,6.45
0.282,18.49,1.84,6.45
0.282,18.5,1.84,6.46
0.282,18.51,1.84,6.46
0.282,18.52,1.84,6.46
0.282,18.53,1.84,6.47
0.282,18.54,1.85,6.47
0.282,18.55,1.85,6.47
0.282,18.56,1.85,6.48
0.282,18.57,1.85,6.48
0.282,18.58,1.85,6.48
0.282,18.59,1.85,6.49
0.282,18.6,1.85,6.49
0.282,18.61,1.85,6.49
0.282,18.62,1.85,6.5
0.282,18.63,1.85,6.5
0.282,18.64,1.86,6.5
0.282,18.65,1.86,6.51
0.282,18.66,1.86,6.51
0.282,18.67,1.86,6.52
0.282,18.68,1.86,6.52
0.282,18.69,1.86,6.52
0.282,18.7,1.86,6.53
0.282,18.71,1.86,6.53
0.282,18.72,1.86,6.53
0.282,18.73,1.86,6.54
0.282,18.74,1.87,6.54
0.282,18.75,1.87,6.54
0.282,18.76,1.87,6.55
0.282,18.77,1.87,6.55
0.282,18.78,1.87,6.55
0.282,18.79,1.87,6.56
0.282,18.8,1.87,6.56
0.282,18.81,1.87,6.56
0.282,18.82,1.87,6.57
0.282,18.83,1.87,6.57
0.282,18.84,1.88,6.57
0.282,18.85,1.88,6.58
0.282,18.86,1.88,6.58
0.282,18.87,1.88,6.59
0.282,18.88,1.88,6.59
0.282,18.89,1.88,6.59
0.282,18.9,1.88,6.6
0.282,18.91,1.88,6.6
0.282,18.92,1.88,6.6
0.282,18.93,1.88,6.61
0.282,18.94,1.89,6.61
0.282,18.95,1.89,6.61
0.282,18.96,1.89,6.62
0.282,18.97,1.89,6.62
0.282,18.98,1.89,6.62
0.282,18.99,1.89,6.63
0.282,19.0,1.89,6.63
0.282,19.01,1.89,6.63
0.282,19.02,1.89,6.64
0.282,19.03,1.89,6.64
0.282,19.04,1.9,6.64
0.282,19.05,1.9,6.65
0.282,19.06,1.9,6.65
0.282,19.07,1.9,6.66
0.282,19.08,1.9,6.66
0.282,19.09,1.9,6.66
0.282,19.1,1.9,6.67
0.282,19.11,1.9,6.67
0.282,19.12,1.9,6.67
0.282,19.13,1.9,6.68
0.282,19.14,1.91,6.68
0.282,19.15,1.91,6.68
0.282,19.16,1.91,6.69
0.282,19.17,1.91,6.69
0.282,19.18,1.91,6.69
0.282,19.19,1.91,6.7
0.282,19.2,1.91,6.7
0.282,19.21,1.91,6.7
0.282,19.22,1.91,6.71
0.282,19.23,1.91,6.71
0.282,19.24,1.92,6.71
0.282,19.25,1.92,6.72
0.282,19.26,1.92,6.72
0.282,19.27,1.92,6.73
0.282,19.28,1.92,6.73
0.282,19.29,1.92,6.73
0.282,19.3,1.92,6.74
0.282,19.31,1.92,6.74
0.282,19.32,1.92,6.74
0.282,19.33,1.92,6.75
0.282,19.34,1.93,6.75
0.282,19.35,1.93,6.75
0.282,19.36,1.93,6.76
0.282,19.37,1.93,6.76
0.282,19.38,1.93,6.76
0.282,19.39,1.93,6.77
0.282,19.4,1.93,6.77
0.282,19.41,1.93,6.77
0.282,19.42,1.93,6.78
0.282,19.43,1.93,6.78
0.282,19.44,1.94,6.78
0.282,19.45,1.94,6.79
0.282,19.46,1.94,6.79
0.282,19.47,1.94,6.8
0.282,19.48,1.94,6.8
0.282,19.49,1.94,6.8
0.282,19.5,1.94,6.81
0.282,19.51,1.94,6.81
0.282,19.52,1.94,6.81
0.282,19.53,1.94,6.82
0.282,19.54,1.95,6.82
0.282,19.55,1.95,6.82
0.282,19.56,1.95,6.83
0.282,19.57,1.95,6.83
0.282,19.58,1.95,6.83
0.282,19.59,1.95,6.84
0.282,19.6,1.95,6.84
0.282,19.61,1.95,6.84
0.282,19.62,1.95,6.85
0.282,19.63,1.95,6.85
0.282,19.64,1.96,6.85
0.282,19.65,1.96,6.86
0.282,19.66,1.96,6.86
0.282,19.67,1.96,6.87
0.282,19.68,1.96,6.87
0.282,19.69,1.96,6.87
0.282,19.7,1.96,6.88
0.282,19.71,1.96,6.88
0.282,19.72,1.96,6.88
0.282,19.73,1.96,6.89
0.282,19.74,1.97,6.89
0.282,19.75,1.97,6.89
0.282,19.76,1.97,6.9
0.282,19.77,1.97,6.9
0.282,19.78,1.97,6.9
0.282,19.79,1.97,6.91
0.282,19.8,1.97,6.91
0.282,19.81,1.97,6.91
0.282,19.82,1.97,6.92
0.282,19.83,1.97,6.92
0.282,19.84,1.98,6.92
0.282,19.85,1.98,6.93
0.282,19.86,1.98,6.93
0.282,19.87,1.98,6.94
0.282,19.88,1.98,6.94
0.282,19.89,1.98,6.94
0.282,19.9,1.98,6.95
0.282,19.91,1.98,6.95
0.282,19.92,1.98,6.95
0.282,19.93,1.98,6.96
0.282,19.94,1.99,6.96
0.282,19.95,1.99,6.96
0.282,19.96,1.99,6.97
0.282,19.97,1.99,6.97
0.282,19.98,1.99,6.97
0.282,19.99,1.99,6.98
0.282,20.0,1.99,6.98
0.282,20.01,1.99,6.98
0.282,20.02,1.99,6.99
0.282,20.03,1.99,6.99
0.282,20.04,2.0,6.99
0.282,20.05,2.0,7.0
0.282,20.06,2.0,7.0
0.282,20.07,2.0,7.01
0.282,20.08,2.0,7.01
0.282,20.09,2.0,7.01
0.282,20.1,2.0,7.02
0.282,20.11,2.0,7.02
0.282,20.12,2.0,7.02
0.282,20.13,2.0,7.03
0.282,20.14,2.01,7.03
0.282,20.15,2.01,7.03
0.282,20.16,2.01,7.04
0.282,20.17,2.01,7.04
0.282,20.18,2.01,7.04
0.282,20.19,2.01,7.05
0.282,20.2,2.01,7.05
0.282,20.21,2.01,7.05
0.282,20.22,2.01,7.06
0.282,20.23,2.01,7.06
0.282,20.24,2.02,7.06
0.282,20.25,2.02,7.07
0.282,20.26,2.02,7.07
0.282,20.27,2.02,7.08
0.282,20.28,2.02,7.08
0.282,20.29,2.02,7.08
0.282,20.3,2.02,7.09
0.282,20.31,2.02,7.09
0.282,20.32,2.02,7.09
0.282,20.33,2.02,7.1
0.282,20.34,2.03,7.1
0.282,20.35,2.03,7.1
0.282,20.36,2.03,7.11
0.282,20.37,2.03,7.11
0.282,20.38,2.03,7.11
0.282,20.39,2.03,7.12
0.282,20.4,2.03,7.12
0.282,20.41,2.03,7.12
0.282,20.42,2.03,7.13
0.282,20.43,2.03,7.13
0.282,20.44,2.04,7.13
0.282,20.45,2.04,7.14
0.282,20.46,2.04,7.14
0.282,20.47,2.04,7.15
0.282,20.48,2.04,7.15
0.282,20.49,2.04,7.15
0.282,20.5,2.04,7.16
0.282,20.51,2.04,7.16
0.282,20.52,2.04,7.16
0.282,20.53,2.04,7.17
0.282,20.54,2.05,7.17
0.282,20.55,2.05,7.17
0.282,20.56,2.05,7.18
0.282,20.57,2.05,7.18
0.282,20.58,2.05,7.18
0.282,20.59,2.05,7.19
0.282,20.6,2.05,7.19
0.282,20.61,2.05,7.19
0.282,20.62,2.05,7.2
0.282,20.63,2.05,7.2
0.282,20.64,2.06,7.2
0.282,20.65,2.06,7.21
0.282,20.66,2.06,7.21
0.282,20.67,2.06,7.22
0.282,20.68,2.06,7.22
0.282,20.69,2.06,7.22
0.282,20.7,2.06,7.23
0.282,20.71,2.06,7.23
0.282,20.72,2.06,7.23
0.282,20.73,2.06,7.24
0.282,20.74,2.07,7.24
0.282,20.75,2.07,7.24
0.282,20.76,2.07,7.25
0.282,20.77,2.07,7.25
0.282,20.78,2.07,7.25
0.282,20.79,2.07,7.26
0.282,20.8,2.07,7.26
0.282,20.81,2.07,7.26
0.282,20.82,2.07,7.27
0.282,20.83,2.07,7.27
0.282,20.84,2.08,7.27
0.282,20.85,2.08,7.28
0.282,20.86,2.08,7.28
0.282,20.87,2.08,7.29
0.282,20.88,2.08,7.29
0.282,20.89,2.08,7.29
0.282,20.9,2.08,7.3
0.282,20.91,2.08,7.3
0.282,20.92,2.08,7.3
0.282,20.93,2.08,7.31
0.282,20.94,2.09,7.31
0.282,20.95,2.09,7.31
0.282,20.96,2.09,7.32
0.282,20.97,2.09,7.32
0.282,20.98,2.09,7.32
0.282,20.99,2.09,7.33
0.282,21.0,2.09,7.33
0.282,21.01,2.09,7.33
0.282,21.02,2.09,7.34
0.282,21.03,2.09,7.34
0.282,21.04,2.1,7.34
0.282,21.05,2.1,7.35
0.282,21.06,2.1,7.35
0.282,21.07,2.1,7.36
0.282,21.08,2.1,7.36
0.282,21.09,2.1,7.36
0.282,21.1,2.1,7.37
0.282,21.11,2.1,7.37
0.282,21.12,2.1,7.37
0.282,21.13,2.1,7.38
0.282,21.14,2.11,7.38
0.282,21.15,2.11,7.38
0.282,21.16,2.11,7.39
0.282,21.17,2.11,7.39
0.282,21.18,2.11,7.39
0.282,21.19,2.11,7.4
0.282,21.2,2.11,7.4
0.282,21.21,2.11,7.4
0.282,21.22,2.11,7.41
0.282,21.23,2.11,7.41
0.282,21.24,2.12,7.41
0.282,21.25,2.12,7.42
0.282,21.26,2.12,7.42
0.282,21.27,2.12,7.43
0.282,21.28,2.12,7.43
0.282,21.29,2.12,7.43
0.282,21.3,2.12,7.44
0.282,21.31,2.12,7.44
0.282,21.32,2.12,7.44
0.282,21.33,2.12,7.45
0.282,21.34,2.13,7.45
0.282,21.35,2.13,7.45
0.282,21.36,2.13,7.46
0.282,21.37,2.13,7.46
0.282,21.38,2.13,7.46
0.282,21.39,2.13,7.47
0.282,21.4,2.13,7.47
0.282,21.41,2.13,7.47
0.282,21.42,2.13,7.48
0.282,21.43,2.13,7.48
0.282,21.44,2.14,7.48
0.282,21.45,2.14,7.49
0.282,21.46,2.14,7.49
0.282,21.47,2.14,7.5
0.282,21.48,2.14,7.5
0.282,21.49,2.14,7.5
0.282,21.5,2.14,7.51
0.282,21.51,2.14,7.51
0.282,21.52,2.14,7.51
0.282,21.53,2.14,7.52
0.282,21.54,2.15,7.52
0.282,21.55,2.15,7.52
0.282,21.56,2.15,7.53
0.282,21.57,2.15,7.53
0.282,21.58,2.15,7.53
0.282,21.59,2.15,7.54
0.282,21.6,2.15,7.54
0.282,21.61,2.15,7.54
0.282,21.62,2.15,7.55
0.282,21.63,2.15,7.55
0.282,21.64,2.16,7.55
0.282,21.65,2.16,7.56
0.282,21.66,2.16,7.56
0.282,21.67,2.16,7.57
0.282,21.68,2.16,7.57
0.282,21.69,2.16,7.57
0.282,21.7,2.16,7.58
0.282,21.71,2.16,7.58
0.282,21.72,2.16,7.58
0.282,21.73,2.16,7.59
0.282,21.74,2.17,7.59
0.282,21.75,2.17,7.59
0.282,21.76,2.17,7.6
0.282,21.77,2.17,7.6
0.282,21.78,2.17,7.6
0.282,21.79,2.17,7.61
0.282,21.8,2.17,7.61
0.282,21.81,2.17,7.61
0.282,21.82,2.17,7.62
0.282,21.83,2.17,7.62
0.282,21.84,2.18,7.62
0.282,21.85,2.18,7.63
0.282,21.86,2.18,7.63
0.282,21.87,2.18,7.64
0.282,21.88,2.18,7.64
0.282,21.89,2.18,7.64
0.282,21.9,2.18,7.65
0.282,21.91,2.18,7.65
0.282,21.92,2.18,7.65
0.282,21.93,2.18,7.66
0.282,21.94,2.19,7.66
0.282,21.95,2.19,7.66
0.282,21.96,2.19,7.67
0.282,21.97,2.19,7.67
0.282,21.98,2.19,7.67
0.282,21.99,2.19,7.68
0.282,22.0,2.19,7.68
0.282,22.01,2.19,7.68
0.282,22.02,2.19,7.69
0.282,22.03,2.19,7.69
0.282,22.04,2.2,7.69
0.282,22.05,2.2,7.7
0.282,22.06,2.2,7.7
0.282,22.07,2.2,7.71
0.282,22.08,2.2,7.71
0.282,22.09,2.2,7.71
0.282,22.1,2.2,7.72
0.282,22.11,2.2,7.72
0.282,22.12,2.2,7.72
0.282,22.13,2.2,7.73
0.282,22.14,2.21,7.73
0.282,22.15,2.21,7.73
0.282,22.16,2.21,7.74
0.282,22.17,2.21,7.74
0.282,22.18,2.21,7.74
0.282,22.19,2.21,7.75
0.282,22.2,2.21,7.75
0.282,22.21,2.21,7.75
0.282,22.22,2.21,7.76
0.282,22.23,2.21,7.76
0.282,22.24,2.22,7.76
0.282,22.25,2.22,7.77
0.282,22.26,2.22,7.77
0.282,22.27,2.22,7.78
0.282,22.28,2.22,7.78
0.282,22.29,2.22,7.78
0.282,22.3,2.22,7.79
0.282,22.31,2.22,7.79
0.282,22.32,2.22,7.79
0.282,22.33,2.22,7.8
0.282,22.34,2.23,7.8
0.282,22.35,2.23,7.8
0.282,22.36,2.23,7.81
0.282,22.37,2.23,7.81
0.282,22.38,2.23,7.81
0.282,22.39,2.23,7.82
0.282,22.4,2.23,7.82
0.282,22.41,2.23,7.82
0.282,22.42,2.23,7.83
0.282,22.43,2.23,7.83
0.282,22.44,2.24,7.83
0.282,22.45,2.24,7.84
0.282,22.46,2.24,7.84
0.282,22.47,2.24,7.85
0.282,22.48,2.24,7.85
0.282,22.49,2.24,7.85
0.282,22.5,2.24,7.86
0.282,22.51,2.24,7.86
0.282,22.52,2.24,7.86
0.282,22.53,2.24,7.87
0.282,22.54,2.25,7.87
0.282,22.55,2.25,7.87
0.282,22.56,2.25,7.88
0.282,22.57,2.25,7.88
0.282,22.58,2.25,7.88
0.282,22.59,2.25,7.89
0.282,22.6,2.25,7.89
0.282,22.61,2.25,7.89
0.282,22.62,2.25,7.9
0.282,22.63,2.25,7.9
0.282,22.64,2.26,7.9
0.282,22.65,2.26,7.91
0.282,22.66,2.26,7.91
0.282,22.67,2.26,7.92
0.282,22.68,2.26,7.92
0.282,22.69,2.26,7.92
0.282,22.7,2.26,7.93
0.282,22.71,2.26,7.93
0.282,22.72,2.26,7.93
0.282,22.73,2.26,7.94
0.282,22.74,2.27,7.94
0.282,22.75,2.27,7.94
0.282,22.76,2.27,7.95
0.282,22.77,2.27,7.95
0.282,22.78,2.27,7.95
0.282,22.79,2.27,7.96
0.282,22.8,2.27,7.96
0.282,22.81,2.27,7.96
0.282,22.82,2.27,7.97
0.282,22.83,2.27,7.97
0.282,22.84,2.28,7.97
0.282,22.85,2.28,7.98
0.282,22.86,2.28,7.98
0.282,22.87,2.28,7.99
0.282,22.88,2.28,7.99
0.282,22.89,2.28,7.99
0.282,22.9,2.28,8.0
0.282,22.91,2.28,8.0
0.282,22.92,2.28,8.0
0.282,22.93,2.28,8.01
0.282,22.94,2.29,8.01
0.282,22.95,2.29,8.01
0.282,22.96,2.29,8.02
0.282,22.97,2.29,8.02
0.282,22.98,2.29,8.02
0.282,22.99,2.29,8.03
0.282,23.0,2.29,8.03
0.282,23.01,2.29,8.03
0.282,23.02,2.29,8.04
0.282,23.03,2.29,8.04
0.282,23.04,2.3,8.04
0.282,23.05,2.3,8.05
0.282,23.06,2.3,8.05
0.282,23.07,2.3,8.06
0.282,23.08,2.3,8.06
0.282,23.09,2.3,8.06
0.282,23.1,2.3,8.07
0.282,23.11,2.3,8.07
0.282,23.12,2.3,8.07
0.282,23.13,2.3,8.08
0.282,23.14,2.31,8.08
0.282,23.15,2.31,8.08
0.282,23.16,2.31,8.09
0.282,23.17,2.31,8.09
0.282,23.18,2.31,8.09
0.282,23.19,2.31,8.1
0.282,23.2,2.31,8.1
0.282,23.21,2.31,8.1
0.282,23.22,2.31,8.11
0.282,23.23,2.31,8.11
0.282,23.24,2.32,8.11
0.282,23.25,2.32,8.12
0.282,23.26,2.32,8.12
0.282,23.27,2.32,8.13
0.282,23.28,2.32,8.13
0.282,23.29,2.32,8.13
0.282,23.3,2.32,8.14
0.282,23.31,2.32,8.14
0.282,23.32,2.32,8.14
0.282,23.33,2.32,8.15
0.282,23.34,2.33,8.15
0.282,23.35,2.33,8.15
0.282,23.36,2.33,8.16
0.282,23.37,2.33,8.16
0.282,23.38,2.33,8.16
0.282,23.39,2.33,8.17
0.282,23.4,2.33,8.17
0.282,23.41,2.33,8.17
0.282,23.42,2.33,8.18
0.282,23.43,2.33,8.18
0.282,23.44,2.34,8.18
0.282,23.45,2.34,8.19
0.282,23.46,2.34,8.19
0.282,23.47,2.34,8.2
0.282,23.48,2.34,8.2
0.282,23.49,2.34,8.2
0.282,23.5,2.34,8.21
0.282,23.51,2.34,8.21
0.282,23.52,2.34,8.21
0.282,23.53,2.34,8.22
0.282,23.54,2.35,8.22
0.282,23.55,2.35,8.22
0.282,23.56,2.35,8.23
0.282,23.57,2.35,8.23
0.282,23.58,2.35,8.23
0.282,23.59,2.35,8.24
0.282,23.6,2.35,8.24
0.282,23.61,2.35,8.24
0.282,23.62,2.35,8.25
0.282,23.63,2.35,8.25
0.282,23.64,2.36,8.25
0.282,23.65,2.36,8.26
0.282,23.66,2.36,8.26
0.282,23.67,2.36,8.27
0.282,23.68,2.36,8.27
0.282,23.69,2.36,8.27
0.282,23.7,2.36,8.28
0.282,23.71,2.36,8.28
0.282,23.72,2.36,8.28
0.282,23.73,2.36,8.29
0.282,23.74,2.37,8.29
0.282,23.75,2.37,8.29
0.282,23.76,2.37,8.3
0.282,23.77,2.37,8.3
0.282,23.78,2.37,8.3
0.282,23.79,2.37,8.31
0.282,23.8,2.37,8.31
0.282,23.81,2.37,8.31
0.282,23.82,2.37,8.32
0.282,23.83,2.37,8.32
0.282,23.84,2.38,8.32
0.282,23.85,2.38,8.33
0.282,23.86,2.38,8.33
0.282,23.87,2.38,8.34
0.282,23.88,2.38,8.34
0.282,23.89,2.38,8.34
0.282,23.9,2.38,8.35
0.282,23.91,2.38,8.35
0.282,23.92,2.38,8.35
0.282,23.93,2.38,8.36
0.282,23.94,2.39,8.36
0.282,23.95,2.39,8.36
0.282,23.96,2.39,8.37
0.282,23.97,2.39,8.37
0.282,23.98,2.39,8.37
0.282,23.99,2.39,8.38
0.282,24.0,2.39,8.38
0.282,24.01,2.39,8.38
0.282,24.02,2.39,8.39
0.282,24.03,2.39,8.39
0.282,24.04,2.4,8.39
0.282,24.05,2.4,8.4
0.282,24.06,2.4,8.4
0.282,24.07,2.4,8.41
0.282,24.08,2.4,8.41
0.282,24.09,2.4,8.41
0.282,24.1,2.4,8.42
0.282,24.11,2.4,8.42
0.282,24.12,2.4,8.42
0.282,24.13,2.4,8.43
0.282,24.14,2.41,8.43
0.282,24.15,2.41,8.43
0.282,24.16,2.41,8.44
0.282,24.17,2.41,8.44
0.282,24.18,2.41,8.44
0.282,24.19,2.41,8.45
0.282,24.2,2.41,8.45
0.282,24.21,2.41,8.45
0.282,24.22,2.41,8.46
0.282,24.23,2.41,8.46
0.282,24.24,2.42,8.46
0.282,24.25,2.42,8.47
0.282,24.26,2.42,8.47
0.282,24.27,2.42,8.48
0.282,24.28,2.42,8.48
0.282,24.29,2.42,8.48
0.282,24.3,2.42,8.49
0.282,24.31,2.42,8.49
0.282,24.32,2.42,8.49
0.282,24.33,2.42,8.5
0.282,24.34,2.43,8.5
0.282,24.35,2.43,8.5
0.282,24.36,2.43,8.51
0.282,24.37,2.43,8.51
0.282,24.38,2.43,8.51
0.282,24.39,2.43,8.52
0.282,24.4,2.43,8.52
0.282,24.41,2.43,8.52
0.282,24.42,2.43,8.53
0.282,24.43,2.43,8.53
0.282,24.44,2.44,8.53
0.282,24.45,2.44,8.54
0.282,24.46,2.44,8.54
0.282,24.47,2.44,8.55
0.282,24.48,2.44,8.55
0.282,24.49,2.44,8.55
0.282,24.5,2.44,8.56
0.282,24.51,2.44,8.56
0.282,24.52,2.44,8.56
0.282,24.53,2.44,8.57
0.282,24.54,2.45,8.57
0.282,24.55,2.45,8.57
0.282,24.56,2.45,8.58
0.282,24.57,2.45,8.58
0.282,24.58,2.45,8.58
0.282,24.59,2.45,8.59
0.282,24.6,2.45,8.59
0.282,24.61,2.45,8.59
0.282,24.62,2.45,8.6
0.282,24.63,2.45,8.6
0.282,24.64,2.46,8.6
0.282,24.65,2.46,8.61
0.282,24.66,2.46,8.61
0.282,24.67,2.46,8.62
0.282,24.68,2.46,8.62
0.282,24.69,2.46,8.62
0.282,24.7,2.46,8.63
0.282,24.71,2.46,8.63
0.282,24.72,2.46,8.63
0.282,24.73,2.46,8.64
0.282,24.74,2.47,8.64
0.282,24.75,2.47,8.64
0.282,24.76,2.47,8.65
0.282,24.77,2.47,8.65
0.282,24.78,2.47,8.65
0.282,24.79,2.47,8.66
0.282,24.8,2.47,8.66
0.282,24.81,2.47,8.66
0.282,24.82,2.47,8.67
0.282,24.83,2.47,8.67
0.282,24.84,2.48,8.67
0.282,24.85,2.48,8.68
0.282,24.86,2.48,8.68
0.282,24.87,2.48,8.69
0.282,24.88,2.48,8.69
0.282,24.89,2.48,8.69
0.282,24.9,2.48,8.7
0.282,24.91,2.48,8.7
0.282,24.92,2.48,8.7
0.282,24.93,2.48,8.71
0.282,24.94,2.49,8.71
0.282,24.95,2.49,8.71
0.282,24.96,2.49,8.72
0.282,24.97,2.49,8.72
0.282,24.98,2.49,8.72
0.282,24.99,2.49,8.73
0.282,25.0,2.49,8.73
0.282,25.01,2.49,8.73
0.282,25.02,2.49,8.74
0.282,25.03,2.49,8.74
0.282,25.04,2.5,8.74
0.282,25.05,2.5,8.75
0.282,25.06,2.5,8.75
0.282,25.07,2.5,8.76
0.282,25.08,2.5,8.76
0.282,25.09,2.5,8.76
0.282,25.1,2.5,8.77
0.282,25.11,2.5,8.77
0.282,25.12,2.5,8.77
0.282,25.13,2.5,8.78
0.282,25.14,2.51,8.78
0.282,25.15,2.51,8.78
0.282,25.16,2.51,8.79
0.282,25.17,2.51,8.79
0.282,25.18,2.51,8.79
0.282,25.19,2.51,8.8
0.282,25.2,2.51,8.8
0.282,25.21,2.51,8.8
0.282,25.22,2.51,8.81
0.282,25.23,2.51,8.81
0.282,25.24,2.52,8.81
0.282,25.25,2.52,8.82
0.282,25.26,2.52,8.82
0.282,25.27,2.52,8.83
0.282,25.28,2.52,8.83
0.282,25.29,2.52,8.83
0.282,25.3,2.52,8.84
0.282,25.31,2.52,8.84
0.282,25.32,2.52,8.84
0.282,25.33,2.52,8.85
0.282,25.34,2.53,8.85
0.282,25.35,2.53,8.85
0.282,25.36,2.53,8.86
0.282,25.37,2.53,8.86
0.282,25.38,2.53,8.86
0.282,25.39,2.53,8.87
0.282,25.4,2.53,8.87
0.282,25.41,2.53,8.87
0.282,25.42,2.53,8.88
0.282,25.43,2.53,8.88
0.282,25.44,2.54,8.88
0.282,25.45,2.54,8.89
0.282,25.46,2.54,8.89
0.282,25.47,2.54,8.9
0.282,25.48,2.54,8.9
0.282,25.49,2.54,8.9
0.282,25.5,2.54,8.91
0.282,25.51,2.54,8.91
0.282,25.52,2.54,8.91
0.282,25.53,2.54,8.92
0.282,25.54,2.55,8.92
0.282,25.55,2.55,8.92
0.282,25.56,2.55,8.93
0.282,25.57,2.55,8.93
0.282,25.58,2.55,8.93
0.282,25.59,2.55,8.94
0.282,25.6,2.55,8.94
0.282,25.61,2.55,8.94
0.282,25.62,2.55,8.95
0.282,25.63,2.55,8.95
0.282,25.64,2.56,8.95
0.282,25.65,2.56,8.96
0.282,25.66,2.56,8.96
0.282,25.67,2.56,8.97
0.282,25.68,2.56,8.97
0.282,25.69,2.56,8.97
0.282,25.7,2.56,8.98
0.282,25.71,2.56,8.98
0.282,25.72,2.56,8.98
0.282,25.73,2.56,8.99
0.282,25.74,2.57,8.99
0.282,25.75,2.57,8.99
0.282,25.76,2.57,9.0
0.282,25.77,2.57,9.0
0.282,25.78,2.57,9.0
0.282,25.79,2.57,9.01
0.282,25.8,2.57,9.01
0.282,25.81,2.57,9.01
0.282,25.82,2.57,9.02
0.282,25.83,2.57,9.02
0.282,25.84,2.58,9.02
0.282,25.85,2.58,9.03
0.282,25.86,2.58,9.03
0.282,25.87,2.58,9.04
0.282,25.88,2.58,9.04
0.282,25.89,2.58,9.04
0.282,25.9,2.58,9.05
0.282,25.91,2.58,9.05
0.282,25.92,2.58,9.05
0.282,25.93,2.58,9.06
0.282,25.94,2.59,9.06
0.282,25.95,2.59,9.06
0.282,25.96,2.59,9.07
0.282,25.97,2.59,9.07
0.282,25.98,2.59,9.07
0.282,25.99,2.59,9.08
0.282,26.0,2.59,9.08
0.282,26.01,2.59,9.08
0.282,26.02,2.59,9.09
0.282,26.03,2.59,9.09
0.282,26.04,2.6,9.09
0.282,26.05,2.6,9.1
0.282,26.06,2.6,9.1
0.282,26.07,2.6,9.11
0.282,26.08,2.6,9.11
0.282,26.09,2.6,9.11
0.282,26.1,2.6,9.12
0.282,26.11,2.6,9.12
0.282,26.12,2.6,9.12
0.282,26.13,2.6,9.13
0.282,26.14,2.61,9.13
0.282,26.15,2.61,9.13
0.282,26.16,2.61,9.14
0.282,26.17,2.61,9.14
0.282,26.18,2.61,9.14
0.282,26.19,2.61,9.15
0.282,26.2,2.61,9.15
0.282,26.21,2.61,9.15
0.282,26.22,2.61,9.16
0.282,26.23,2.61,9.16
0.282,26.24,2.62,9.16
0.282,26.25,2.62,9.17
0.282,26.26,2.62,9.17
0.282,26.27,2.62,9.18
0.282,26.28,2.62,9.18
0.282,26.29,2.62,9.18
0.282,26.3,2.62,9.19
0.282,26.31,2.62,9.19
0.282,26.32,2.62,9.19
0.282,26.33,2.62,9.2
0.282,26.34,2.63,9.2
0.282,26.35,2.63,9.2
0.282,26.36,2.63,9.21
0.282,26.37,2.63,9.21
0.282,26.38,2.63,9.21
0.282,26.39,2.63,9.22
0.282,26.4,2.63,9.22
0.282,26.41,2.63,9.22
0.282,26.42,2.63,9.23
0.282,26.43,2.63,9.23
0.282,26.44,2.64,9.23
0.282,26.45,2.64,9.24
0.282,26.46,2.64,9.24
0.282,26.47,2.64,9.25
0.282,26.48,2.64,9.25
0.282,26.49,2.64,9.25
0.282,26.5,2.64,9.26
0.282,26.51,2.64,9.26
0.282,26.52,2.64,9.26
0.282,26.53,2.64,9.27
0.282,26.54,2.65,9.27
0.282,26.55,2.65,9.27
0.282,26.56,2.65,9.28
0.282,26.57,2.65,9.28
0.282,26.58,2.65,9.28
0.282,26.59,2.65,9.29
0.282,26.6,2.65,9.29
0.282,26.61,2.65,9.29
0.282,26.62,2.65,9.3
0.282,26.63,2.65,9.3
0.282,26.64,2.66,9.3
0.282,26.65,2.66,9.31
0.282,26.66,2.66,9.31
0.282,26.67,2.66,9.32
0.282,26.68,2.66,9.32
0.282,26.69,2.66,9.32
0.282,26.7,2.66,9.33
0.282,26.71,2.66,9.33
0.282,26.72,2.66,9.33
0.282,26.73,2.66,9.34
0.282,26.74,2.67,9.34
0.282,26.75,2.67,9.34
0.282,26.76,2.67,9.35
0.282,26.77,2.67,9.35
0.282,26.78,2.67,9.35
0.282,26.79,2.67,9.36
0.282,26.8,2.67,9.36
0.282,26.81,2.67,9.36
0.282,26.82,2.67,9.37
0.282,26.83,2.67,9.37
0.282,26.84,2.68,9.37
0.282,26.85,2.68,9.38
0.282,26.86,2.68,9.38
0.282,26.87,2.68,9.39
0.282,26.88,2.68,9.39
0.282,26.89,2.68,9.39
0.282,26.9,2.68,9.4
0.282,26.91,2.68,9.4
0.282,26.92,2.68,9.4
0.282,26.93,2.68,9.41
0.282,26.94,2.69,9.41
0.282,26.95,2.69,9.41
0.282,26.96,2.69,9.42
0.282,26.97,2.69,9.42
0.282,26.98,2.69,9.42
0.282,26.99,2.69,9.43
0.282,27.0,2.69,9.43
0.282,27.01,2.69,9.43
0.282,27.02,2.69,9.44
0.282,27.03,2.69,9.44
0.282,27.04,2.7,9.44
0.282,27.05,2.7,9.45
0.282,27.06,2.7,9.45
0.282,27.07,2.7,9.46
0.282,27.08,2.7,9.46
0.282,27.09,2.7,9.46
0.282,27.1,2.7,9.47
0.282,27.11,2.7,9.47
0.282,27.12,2.7,9.47
0.282,27.13,2.7,9.48
0.282,27.14,2.71,9.48
0.282,27.15,2.71,9.48
0.282,27.16,2.71,9.49
0.282,27.17,2.71,9.49
0.282,27.18,2.71,9.49
0.282,27.19,2.71,9.5
0.282,27.2,2.71,9.5
0.282,27.21,2.71,9.5
0.282,27.22,2.71,9.51
0.282,27.23,2.71,9.51
0.282,27.24,2.72,9.51
0.282,27.25,2.72,9.52
0.282,27.26,2.72,9.52
0.282,27.27,2.72,9.53
0.282,27.28,2.72,9.53
0.282,27.29,2.72,9.53
0.282,27.3,2.72,9.54
0.282,27.31,2.72,9.54
0.282,27.32,2.72,9.54
0.282,27.33,2.72,9.55
0.282,27.34,2.73,9.55
0.282,27.35,2.73,9.55
0.282,27.36,2.73,9.56
0.282,27.37,2.73,9.56
0.282,27.38,2.73,9.56
0.282,27.39,2.73,9.57
0.282,27.4,2.73,9.57
0.282,27.41,2.73,9.57
0.282,27.42,2.73,9.58
0.282,27.43,2.73,9.58
0.282,27.44,2.74,9.58
0.282,27.45,2.74,9.59
0.282,27.46,2.74,9.59
0.282,27.47,2.74,9.6
0.282,27.48,2.74,9.6
0.282,27.49,2.74,9.6
0.282,27.5,2.74,9.61
0.282,27.51,2.74,9.61
0.282,27.52,2.74,9.61
0.282,27.53,2.74,9.62
0.282,27.54,2.75,9.62
0.282,27.55,2.75,9.62
0.282,27.56,2.75,9.63
0.282,27.57,2.75,9.63
0.282,27.58,2.75,9.63
0.282,27.59,2.75,9.64
0.282,27.6,2.75,9.64
0.282,27.61,2.75,9.64
0.282,27.62,2.75,9.65
0.282,27.63,2.75,9.65
0.282,27.64,2.76,9.65
0.282,27.65,2.76,9.66
0.282,27.66,2.76,9.66
0.282,27.67,2.76,9.67
0.282,27.68,2.76,9.67
0.282,27.69,2.76,9.67
0.282,27.7,2.76,9.68
0.282,27.71,2.76,9.68
0.282,27.72,2.76,9.68
0.282,27.73,2.76,9.69
0.282,27.74,2.77,9.69
0.282,27.75,2.77,9.69
0.282,27.76,2.77,9.7
0.282,27.77,2.77,9.7
0.282,27.78,2.77,9.7
0.282,27.79,2.77,9.71
0.282,27.8,2.77,9.71
0.282,27.81,2.77,9.71
0.282,27.82,2.77,9.72
0.282,27.83,2.77,9.72
0.282,27.84,2.78,9.72
0.282,27.85,2.78,9.73
0.282,27.86,2.78,9.73
0.282,27.87,2.78,9.74
0.282,27.88,2.78,9.74
0.282,27.89,2.78,9.74
0.282,27.9,2.78,9.75
0.282,27.91,2.78,9.75
0.282,27.92,2.78,9.75
0.282,27.93,2.78,9.76
0.282,27.94,2.79,9.76
0.282,27.95,2.79,9.76
0.282,27.96,2.79,9.77
0.282,27.97,2.79,9.77
0.282,27.98,2.79,9.77
0.282,27.99,2.79,9.78
0.282,28.0,2.79,9.78
0.282,28.01,2.79,9.78
0.282,28.02,2.79,9.79
0.282,28.03,2.79,9.79
0.282,28.04,2.8,9.79
0.282,28.05,2.8,9.8
0.282,28.06,2.8,9.8
0.282,28.07,2.8,9.81
0.282,28.08,2.8,9.81
0.282,28.09,2.8,9.81
0.282,28.1,2.8,9.82
0.282,28.11,2.8,9.82
0.282,28.12,2.8,9.82
0.282,28.13,2.8,9.83
0.282,28.14,2.81,9.83
0.282,28.15,2.81,9.83
0.282,28.16,2.81,9.84
0.282,28.17,2.81,9.84
0.282,28.18,2.81,9.84
0.282,28.19,2.81,9.85
0.282,28.2,2.81,9.85
0.282,28.21,2.81,9.85
0.282,28.22,2.81,9.86
0.282,28.23,2.81,9.86
0.282,28.24,2.82,9.86
0.282,28.25,2.82,9.87
0.282,28.26,2.82,9.87
0.282,28.27,2.82,9.88
0.282,28.28,2.82,9.88
0.282,28.29,2.82,9.88
0.282,28.3,2.82,9.89
0.282,28.31,2.82,9.89
0.282,28.32,2.82,9.89
0.282,28.33,2.82,9.9
0.282,28.34,2.83,9.9
0.282,28.35,2.83,9.9
0.282,28.36,2.83,9.91
0.282,28.37,2.83,9.91
0.282,28.38,2.83,9.91
0.282,28.39,2.83,9.92
0.282,28.4,2.83,9.92
0.282,28.41,2.83,9.92
0.282,28.42,2.83,9.93
0.282,28.43,2.83,9.93
0.282,28.44,2.84,9.93
0.282,28.45,2.84,9.94
0.282,28.46,2.84,9.94
0.282,28.47,2.84,9.95
0.282,28.48,2.84,9.95
0.282,28.49,2.84,9.95
0.282,28.5,2.84,9.96
0.282,28.51,2.84,9.96
0.282,28.52,2.84,9.96
0.282,28.53,2.84,9.97
0.282,28.54,2.85,9.97
0.282,28.55,2.85,9.97
0.282,28.56,2.85,9.98
0.282,28.57,2.85,9.98
0.282,28.58,2.85,9.98
0.282,28.59,2.85,9.99
0.282,28.6,2.85,9.99
0.282,28.61,2.85,9.99
0.282,28.62,2.85,10.0
0.282,28.63,2.85,10.0
0.282,28.64,2.86,10.0
0.282,28.65,2.86,10.01
0.282,28.66,2.86,10.01
0.282,28.67,2.86,10.02
0.282,28.68,2.86,10.02
0.282,28.69,2.86,10.02
0.282,28.7,2.86,10.03
0.282,28.71,2.86,10.03
0.282,28.72,2.86,10.03
0.282,28.73,2.86,10.04
0.282,28.74,2.87,10.04
0.282,28.75,2.87,10.04
0.282,28.76,2.87,10.05
0.282,28.77,2.87,10.05
0.282,28.78,2.87,10.05
0.282,28.79,2.87,10.06
0.282,28.8,2.87,10.06
0.282,28.81,2.87,10.06
0.282,28.82,2.87,10.07
0.282,28.83,2.87,10.07
0.282,28.84,2.88,10.07
0.282,28.85,2.88,10.08
0.282,28.86,2.88,10.08
0.282,28.87,2.88,10.09
0.282,28.88,2.88,10.09
0.282,28.89,2.88,10.09
0.282,28.9,2.88,10.1
0.282,28.91,2.88,10.1
0.282,28.92,2.88,10.1
0.282,28.93,2.88,10.11
0.282,28.94,2.89,10.11
0.282,28.95,2.89,10.11
0.282,28.96,2.89,10.12
0.282,28.97,2.89,10.12
0.282,28.98,2.89,10.12
0.282,28.99,2.89,10.13
0.282,29.0,2.89,10.13
0.282,29.01,2.89,10.13
0.282,29.02,2.89,10.14
0.282,29.03,2.89,10.14
0.282,29.04,2.9,10.14
0.282,29.05,2.9,10.15
0.282,29.06,2.9,10.15
0.282,29.07,2.9,10.16
0.282,29.08,2.9,10.16
0.282,29.09,2.9,10.16
0.282,29.1,2.9,10.17
0.282,29.11,2.9,10.17
0.282,29.12,2.9,10.17
0.282,29.13,2.9,10.18
0.282,29.14,2.91,10.18
0.282,29.15,2.91,10.18
0.282,29.16,2.91,10.19
0.282,29.17,2.91,10.19
0.282,29.18,2.91,10.19
0.282,29.19,2.91,10.2
0.282,29.2,2.91,10.2
0.282,29.21,2.91,10.2
0.282,29.22,2.91,10.21
0.282,29.23,2.91,10.21
0.282,29.24,2.92,10.21
0.282,29.25,2.92,10.22
0.282,29.26,2.92,10.22
0.282,29.27,2.92,10.23
0.282,29.28,2.92,10.23
0.282,29.29,2.92,10.23
0.282,29.3,2.92,10.24
0.282,29.31,2.92,10.24
0.282,29.32,2.92,10.24
0.282,29.33,2.92,10.25
0.282,29.34,2.93,10.25
0.282,29.35,2.93,10.25
0.282,29.36,2.93,10.26
0.282,29.37,2.93,10.26
0.282,29.38,2.93,10.26
0.282,29.39,2.93,10.27
0.282,29.4,2.93,10.27
0.282,29.41,2.93,10.27
0.282,29.42,2.93,10.28
0.282,29.43,2.93,10.28
0.282,29.44,2.94,10.28
0.282,29.45,2.94,10.29
0.282,29.46,2.94,10.29
0.282,29.47,2.94,10.3
0.282,29.48,2.94,10.3
0.282,29.49,2.94,10.3
0.282,29.5,2.94,10.31
0.282,29.51,2.94,10.31
0.282,29.52,2.94,10.31
0.282,29.53,2.94,10.32
0.282,29.54,2.95,10.32
0.282,29.55,2.95,10.32
0.282,29.56,2.95,10.33
0.282,29.57,2.95,10.33
0.282,29.58,2.95,10.33
0.282,29.59,2.95,10.34
0.282,29.6,2.95,10.34
0.282,29.61,2.95,10.34
0.282,29.62,2.95,10.35
0.282,29.63,2.95,10.35
0.282,29.64,2.96,10.35
0.282,29.65,2.96,10.36
0.282,29.66,2.96,10.36
0.282,29.67,2.96,10.37
0.282,29.68,2.96,10.37
0.282,29.69,2.96,10.37
0.282,29.7,2.96,10.38
0.282,29.71,2.96,10.38
0.282,29.72,2.96,10.38
0.282,29.73,2.96,10.39
0.282,29.74,2.97,10.39
0.282,29.75,2.97,10.39
0.282,29.76,2.97,10.4
0.282,29.77,2.97,10.4
0.282,29.78,2.97,10.4
0.282,29.79,2.97,10.41
0.282,29.8,2.97,10.41
0.282,29.81,2.97,10.41
0.282,29.82,2.97,10.42
0.282,29.83,2.97,10.42
0.282,29.84,2.98,10.42
0.282,29.85,2.98,10.43
0.282,29.86,2.98,10.43
0.282,29.87,2.98,10.44
0.282,29.88,2.98,10.44
0.282,29.89,2.98,10.44
0.282,29.9,2.98,10.45
0.282,29.91,2.98,10.45
0.282,29.92,2.98,10.45
0.282,29.93,2.98,10.46
0.282,29.94,2.99,10.46
0.282,29.95,2.99,10.46
0.282,29.96,2.99,10.47
0.282,29.97,2.99,10.47
0.282,29.98,2.99,10.47
0.282,29.99,2.99,10.48
0.282,30.0,2.99,10.48
0.282,30.01,2.99,10.48
0.282,30.02,2.99,10.49
0.282,30.03,2.99,10.49
0.282,30.04,3.0,10.49
0.282,30.05,3.0,10.5
0.282,30.06,3.0,10.5
0.282,30.07,3.0,10.51
0.282,30.08,3.0,10.51
0.282,30.09,3.0,10.51
0.282,30.1,3.0,10.52
0.282,30.11,3.0,10.52
0.282,30.12,3.0,10.52
0.282,30.13,3.0,10.53
0.282,30.14,3.01,10.53
0.282,30.15,3.01,10.53
0.282,30.16,3.01,10.54
0.282,30.17,3.01,10.54
0.282,30.18,3.01,10.54
0.282,30.19,3.01,10.55
0.282,30.2,3.01,10.55
0.282,30.21,3.01,10.55
0.282,30.22,3.01,10.56
0.282,30.23,3.01,10.56
0.282,30.24,3.02,10.56
0.282,30.25,3.02,10.57
0.282,30.26,3.02,10.57
0.282,30.27,3.02,10.58
0.282,30.28,3.02,10.58
0.282,30.29,3.02,10.58
0.282,30.3,3.02,10.59
0.282,30.31,3.02,10.59
0.282,30.32,3.02,10.59
0.282,30.33,3.02,10.6
0.282,30.34,3.03,10.6
0.282,30.35,3.03,10.6
0.282,30.36,3.03,10.61
0.282,30.37,3.03,10.61
0.282,30.38,3.03,10.61
0.282,30.39,3.03,10.62
0.282,30.4,3.03,10.62
0.282,30.41,3.03,10.62
0.282,30.42,3.03,10.63
0.282,30.43,3.03,10.63
0.282,30.44,3.04,10.63
0.282,30.45,3.04,10.64
0.282,30.46,3.04,10.64
0.282,30.47,3.04,10.65
0.282,30.48,3.04,10.65
0.282,30.49,3.04,10.65
0.282,30.5,3.04,10.66
0.282,30.51,3.04,10.66
0.282,30.52,3.04,10.66
0.282,30.53,3.04,10.67
0.282,30.54,3.05,10.67
0.282,30.55,3.05,10.67
0.282,30.56,3.05,10.68
0.282,30.57,3.05,10.68
0.282,30.58,3.05,10.68
0.282,30.59,3.05,10.69
0.282,30.6,3.05,10.69
0.282,30.61,3.05,10.69
0.282,30.62,3.05,10.7
0.282,30.63,3.05,10.7
0.282,30.64,3.06,10.7
0.282,30.65,3.06,10.71
0.282,30.66,3.06,10.71
0.282,30.67,3.06,10.72
0.282,30.68,3.06,10.72
0.282,30.69,3.06,10.72
0.282,30.7,3.06,10.73
0.282,30.71,3.06,10.73
0.282,30.72,3.06,10.73
0.282,30.73,3.06,10.74
0.282,30.74,3.07,10.74
0.282,30.75,3.07,10.74
0.282,30.76,3.07,10.75
0.282,30.77,3.07,10.75
0.282,30.78,3.07,10.75
0.282,30.79,3.07,10.76
0.282,30.8,3.07,10.76
0.282,30.81,3.07,10.76
0.282,30.82,3.07,10.77
0.282,30.83,3.07,10.77
0.282,30.84,3.08,10.77
0.282,30.85,3.08,10.78
0.282,30.86,3.08,10.78
0.282,30.87,3.08,10.79
0.282,30.88,3.08,10.79
0.282,30.89,3.08,10.79
0.282,30.9,3.08,10.8
0.282,30.91,3.08,10.8
0.282,30.92,3.08,10.8
0.282,30.93,3.08,10.81
0.282,30.94,3.09,10.81
0.282,30.95,3.09,10.81
0.282,30.96,3.09,10.82
0.282,30.97,3.09,10.82
0.282,30.98,3.09,10.82
0.282,30.99,3.09,10.83
0.282,31.0,3.09,10.83
0.282,31.01,3.09,10.83
0.282,31.02,3.09,10.84
0.282,31.03,3.09,10.84
0.282,31.04,3.1,10.84
0.282,31.05,3.1,10.85
0.282,31.06,3.1,10.85
0.282,31.07,3.1,10.86
0.282,31.08,3.1,10.86
0.282,31.09,3.1,10.86
0.282,31.1,3.1,10.87
0.282,31.11,3.1,10.87
0.282,31.12,3.1,10.87
0.282,31.13,3.1,10.88
0.282,31.14,3.11,10.88
0.282,31.15,3.11,10.88
0.282,31.16,3.11,10.89
0.282,31.17,3.11,10.89
0.282,31.18,3.11,10.89
0.282,31.19,3.11,10.9
0.282,31.2,3.11,10.9
0.282,31.21,3.11,10.9
0.282,31.22,3.11,10.91
0.282,31.23,3.11,10.91
0.282,31.24,3.12,10.91
0.282,31.25,3.12,10.92
0.282,31.26,3.12,10.92
0.282,31.27,3.12,10.93
0.282,31.28,3.12,10.93
0.282,31.29,3.12,10.93
0.282,31.3,3.12,10.94
0.282,31.31,3.12,10.94
0.282,31.32,3.12,10.94
0.282,31.33,3.12,10.95
0.282,31.34,3.13,10.95
0.282,31.35,3.13,10.95
0.282,31.36,3.13,10.96
0.282,31.37,3.13,10.96
0.282,31.38,3.13,10.96
0.282,31.39,3.13,10.97
0.282,31.4,3.13,10.97
0.282,31.41,3.13,10.97
0.282,31.42,3.13,10.98
0.282,31.43,3.13,10.98
0.282,31.44,3.14,10.98
0.282,31.45,3.14,10.99
0.282,31.46,3.14,10.99
0.282,31.47,3.14,11.0
0.282,31.48,3.14,11.0
0.282,31.49,3.14,11.0
0.282,31.5,3.14,11.01
0.282,31.51,3.14,11.01
0.282,31.52,3.14,11.01
0.282,31.53,3.14,11.02
0.282,31.54,3.15,11.02
0.282,31.55,3.15,11.02
0.282,31.56,3.15,11.03
0.282,31.57,3.15,11.03
0.282,31.58,3.15,11.03
0.282,31.59,3.15,11.04
0.282,31.6,3.15,11.04
0.282,31.61,3.15,11.04
0.282,31.62,3.15,11.05
0.282,31.63,3.15,11.05
0.282,31.64,3.16,11.05
0.282,31.65,3.16,11.06
0.282,31.66,3.16,11.06
0.282,31.67,3.16,11.07
0.282,31.68,3.16,11.07
0.282,31.69,3.16,11.07
0.282,31.7,3.16,11.08
0.282,31.71,3.16,11.08
0.282,31.72,3.16,11.08
0.282,31.73,3.16,11.09
0.282,31.74,3.17,11.09
0.282,31.75,3.17,11.09
0.282,31.76,3.17,11.1
0.282,31.77,3.17,11.1
0.282,31.78,3.17,11.1
0.282,31.79,3.17,11.11
0.282,31.8,3.17,11.11
0.282,31.81,3.17,11.11
0.282,31.82,3.17,11.12
0.282,31.83,3.17,11.12
0.282,31.84,3.18,11.12
0.282,31.85,3.18,11.13
0.282,31.86,3.18,11.13
0.282,31.87,3.18,11.14
0.282,31.88,3.18,11.14
0.282,31.89,3.18,11.14
0.282,31.9,3.18,11.15
0.282,31.91,3.18,11.15
0.282,31.92,3.18,11.15
0.282,31.93,3.18,11.16
0.282,31.94,3.19,11.16
0.282,31.95,3.19,11.16
0.282,31.96,3.19,11.17
0.282,31.97,3.19,11.17
0.282,31.98,3.19,11.17
0.282,31.99,3.19,11.18
0.282,32.0,3.19,11.18
0.282,32.01,3.19,11.18
0.282,32.02,3.19,11.19
0.282,32.03,3.19,11.19
0.282,32.04,3.2,11.19
0.282,32.05,3.2,11.2
0.282,32.06,3.2,11.2
0.282,32.07,3.2,11.21
0.282,32.08,3.2,11.21
0.282,32.09,3.2,11.21
0.282,32.1,3.2,11.22
0.282,32.11,3.2,11.22
0.282,32.12,3.2,11.22
0.282,32.13,3.2,11.23
0.282,32.14,3.21,11.23
0.282,32.15,3.21,11.23
0.282,32.16,3.21,11.24
0.282,32.17,3.21,11.24
0.282,32.18,3.21,11.24
0.282,32.19,3.21,11.25
0.282,32.2,3.21,11.25
0.282,32.21,3.21,11.25
0.282,32.22,3.21,11.26
0.282,32.23,3.21,11.26
0.282,32.24,3.22,11.26
0.282,32.25,3.22,11.27
0.282,32.26,3.22,11.27
0.282,32.27,3.22,11.28
0.282,32.28,3.22,11.28
0.282,32.29,3.22,11.28
0.282,32.3,3.22,11.29
0.282,32.31,3.22,11.29
0.282,32.32,3.22,11.29
0.282,32.33,3.22,11.3
0.282,32.34,3.23,11.3
0.282,32.35,3.23,11.3
0.282,32.36,3.23,11.31
0.282,32.37,3.23,11.31
0.282,32.38,3.23,11.31
0.282,32.39,3.23,11.32
0.282,32.4,3.23,11.32
0.282,32.41,3.23,11.32
0.282,32.42,3.23,11.33
0.282,32.43,3.23,11.33
0.282,32.44,3.24,11.33
0.282,32.45,3.24,11.34
0.282,32.46,3.24,11.34
0.282,32.47,3.24,11.35
0.282,32.48,3.24,11.35
0.282,32.49,3.24,11.35
0.282,32.5,3.24,11.36
0.282,32.51,3.24,11.36
0.282,32.52,3.24,11.36
0.282,32.53,3.24,11.37
0.282,32.54,3.25,11.37
0.282,32.55,3.25,11.37
0.282,32.56,3.25,11.38
0.282,32.57,3.25,11.38
0.282,32.58,3.25,11.38
0.282,32.59,3.25,11.39
0.282,32.6,3.25,11.39
0.282,32.61,3.25,11.39
0.282,32.62,3.25,11.4
0.282,32.63,3.25,11.4
0.282,32.64,3.26,11.4
0.282,32.65,3.26,11.41
0.282,32.66,3.26,11.41
0.282,32.67,3.26,11.42
0.282,32.68,3.26,11.42
0.282,32.69,3.26,11.42
0.282,32.7,3.26,11.43
0.282,32.71,3.26,11.43
0.282,32.72,3.26,11.43
0.282,32.73,3.26,11.44
0.282,32.74,3.27,11.44
0.282,32.75,3.27,11.44
0.282,32.76,3.27,11.45
0.282,32.77,3.27,11.45
0.282,32.78,3.27,11.45
0.282,32.79,3.27,11.46
0.282,32.8,3.27,11.46
0.282,32.81,3.27,11.46
0.282,32.82,3.27,11.47
0.282,32.83,3.27,11.47
0.282,32.84,3.28,11.47
0.282,32.85,3.28,11.48
0.282,32.86,3.28,11.48
0.282,32.87,3.28,11.49
0.282,32.88,3.28,11.49
0.282,32.89,3.28,11.49
0.282,32.9,3.28,11.5
0.282,32.91,3.28,11.5
0.282,32.92,3.28,11.5
0.282,32.93,3.28,11.51
0.282,32.94,3.29,11.51
0.282,32.95,3.29,11.51
0.282,32.96,3.29,11.52
0.282,32.97,3.29,11.52
0.282,32.98,3.29,11.52
0.282,32.99,3.29,11.53
0.282,33.0,3.29,11.53
0.282,33.01,3.29,11.53
0.282,33.02,3.29,11.54
0.282,33.03,3.29,11.54
0.282,33.04,3.3,11.54
0.282,33.05,3.3,11.55
0.282,33.06,3.3,11.55
0.282,33.07,3.3,11.56
0.282,33.08,3.3,11.56
0.282,33.09,3.3,11.56
0.282,33.1,3.3,11.57
0.282,33.11,3.3,11.57
0.282,33.12,3.3,11.57
0.282,33.13,3.3,11.58
0.282,33.14,3.31,11.58
0.282,33.15,3.31,11.58
0.282,33.16,3.31,11.59
0.282,33.17,3.31,11.59
0.282,33.18,3.31,11.59
0.282,33.19,3.31,11.6
0.282,33.2,3.31,11.6
0.282,33.21,3.31,11.6
0.282,33.22,3.31,11.61
0.282,33.23,3.31,11.61
0.282,33.24,3.32,11.61
0.282,33.25,3.32,11.62
0.282,33.26,3.32,11.62
0.282,33.27,3.32,11.63
0.282,33.28,3.32,11.63
0.282,33.29,3.32,11.63
0.282,33.3,3.32,11.64
0.282,33.31,3.32,11.64
0.282,33.32,3.32,11.64
0.282,33.33,3.32,11.65
0.282,33.34,3.33,11.65
0.282,33.35,3.33,11.65
0.282,33.36,3.33,11.66
0.282,33.37,3.33,11.66
0.282,33.38,3.33,11.66
0.282,33.39,3.33,11.67
0.282,33.4,3.33,11.67
0.282,33.41,3.33,11.67
0.282,33.42,3.33,11.68
0.282,33.43,3.33,11.68
0.282,33.44,3.34,11.68
0.282,33.45,3.34,11.69
0.282,33.46,3.34,11.69
0.282,33.47,3.34,11.7
0.282,33.48,3.34,11.7
0.282,33.49,3.34,11.7
0.282,33.5,3.34,11.71
0.282,33.51,3.34,11.71
0.282,33.52,3.34,11.71
0.282,33.53,3.34,11.72
0.282,33.54,3.35,11.72
0.282,33.55,3.35,11.72
0.282,33.56,3.35,11.73
0.282,33.57,3.35,11.73
0.282,33.58,3.35,11.73
0.282,33.59,3.35,11.74
0.282,33.6,3.35,11.74
0.282,33.61,3.35,11.74
0.282,33.62,3.35,11.75
0.282,33.63,3.35,11.75
0.282,33.64,3.36,11.75
0.282,33.65,3.36,11.76
0.282,33.66,3.36,11.76
0.282,33.67,3.36,11.77
0.282,33.68,3.36,11.77
0.282,33.69,3.36,11.77
0.282,33.7,3.36,11.78
0.282,33.71,3.36,11.78
0.282,33.72,3.36,11.78
0.282,33.73,3.36,11.79
0.282,33.74,3.37,11.79
0.282,33.75,3.37,11.79
0.282,33.76,3.37,11.8
0.282,33.77,3.37,11.8
0.282,33.78,3.37,11.8
0.282,33.79,3.37,11.81
0.282,33.8,3.37,11.81
0.282,33.81,3.37,11.81
0.282,33.82,3.37,11.82
0.282,33.83,3.37,11.82
0.282,33.84,3.38,11.82
0.282,33.85,3.38,11.83
0.282,33.86,3.38,11.83
0.282,33.87,3.38,11.84
0.282,33.88,3.38,11.84
0.282,33.89,3.38,11.84
0.282,33.9,3.38,11.85
0.282,33.91,3.38,11.85
0.282,33.92,3.38,11.85
0.282,33.93,3.38,11.86
0.282,33.94,3.39,11.86
0.282,33.95,3.39,11.86
0.282,33.96,3.39,11.87
0.282,33.97,3.39,11.87
0.282,33.98,3.39,11.87
0.282,33.99,3.39,11.88
0.282,34.0,3.39,11.88
0.282,34.01,3.39,11.88
0.282,34.02,3.39,11.89
0.282,34.03,3.39,11.89
0.282,34.04,3.4,11.89
0.282,34.05,3.4,11.9
0.282,34.06,3.4,11.9
0.282,34.07,3.4,11.91
0.282,34.08,3.4,11.91
0.282,34.09,3.4,11.91
0.282,34.1,3.4,11.92
0.282,34.11,3.4,11.92
0.282,34.12,3.4,11.92
0.282,34.13,3.4,11.93
0.282,34.14,3.41,11.93
0.282,34.15,3.41,11.93
0.282,34.16,3.41,11.94
0.282,34.17,3.41,11.94
0.282,34.18,3.41,11.94
0.282,34.19,3.41,11.95
0.282,34.2,3.41,11.95
0.282,34.21,3.41,11.95
0.282,34.22,3.41,11.96
0.282,34.23,3.41,11.96
0.282,34.24,3.42,11.96
0.282,34.25,3.42,11.97
0.282,34.26,3.42,11.97
0.282,34.27,3.42,11.98
0.282,34.28,3.42,11.98
0.282,34.29,3.42,11.98
0.282,34.3,3.42,11.99
0.282,34.31,3.42,11.99
0.282,34.32,3.42,11.99
0.282,34.33,3.42,12.0
0.282,34.34,3.43,12.0
0.282,34.35,3.43,12.0
0.282,34.36,3.43,12.01
0.282,34.37,3.43,12.01
0.282,34.38,3.43,12.01
0.282,34.39,3.43,12.02
0.282,34.4,3.43,12.02
0.282,34.41,3.43,12.02
0.282,34.42,3.43,12.03
0.282,34.43,3.43,12.03
0.282,34.44,3.44,12.03
0.282,34.45,3.44,12.04
0.282,34.46,3.44,12.04
0.282,34.47,3.44,12.05
0.282,34.48,3.44,12.05
0.282,34.49,3.44,12.05
0.282,34.5,3.44,12.06
0.282,34.51,3.44,12.06
0.282,34.52,3.44,12.06
0.282,34.53,3.44,12.07
0.282,34.54,3.45,12.07
0.282,34.55,3.45,12.07
0.282,34.56,3.45,12.08
0.282,34.57,3.45,12.08
0.282,34.58,3.45,12.08
0.282,34.59,3.45,12.09
0.282,34.6,3.45,12.09
0.282,34.61,3.45,12.09
0.282,34.62,3.45,12.1
0.282,34.63,3.45,12.1
0.282,34.64,3.46,12.1
0.282,34.65,3.46,12.11
0.282,34.66,3.46,12.11
0.282,34.67,3.46,12.12
0.282,34.68,3.46,12.12
0.282,34.69,3.46,12.12
0.282,34.7,3.46,12.13
0.282,34.71,3.46,12.13
0.282,34.72,3.46,12.13
0.282,34.73,3.46,12.14
0.282,34.74,3.47,12.14
0.282,34.75,3.47,12.14
0.282,34.76,3.47,12.15
0.282,34.77,3.47,12.15
0.282,34.78,3.47,12.15
0.282,34.79,3.47,12.16
0.282,34.8,3.47,12.16
0.282,34.81,3.47,12.16
0.282,34.82,3.47,12.17
0.282,34.83,3.47,12.17
0.282,34.84,3.48,12.17
0.282,34.85,3.48,12.18
0.282,34.86,3.48,12.18
0.282,34.87,3.48,12.19
0.282,34.88,3.48,12.19
0.282,34.89,3.48,12.19
0.282,34.9,3.48,12.2
0.282,34.91,3.48,12.2
0.282,34.92,3.48,12.2
0.282,34.93,3.48,12.21
0.282,34.94,3.49,12.21
0.282,34.95,3.49,12.21
0.282,34.96,3.49,12.22
0.282,34.97,3.49,12.22
0.282,34.98,3.49,12.22
0.282,34.99,3.49,12.23
0.282,35.0,3.49,12.23
0.282,35.01,3.49,12.23
0.282,35.02,3.49,12.24
0.282,35.03,3.49,12.24
0.282,35.04,3.5,12.24
0.282,35.05,3.5,12.25
0.282,35.06,3.5,12.25
0.282,35.07,3.5,12.26
0.282,35.08,3.5,12.26
0.282,35.09,3.5,12.26
0.282,35.1,3.5,12.27
0.282,35.11,3.5,12.27
0.282,35.12,3.5,12.27
0.282,35.13,3.5,12.28
0.282,35.14,3.51,12.28
0.282,35.15,3.51,12.28
0.282,35.16,3.51,12.29
0.282,35.17,3.51,12.29
0.282,35.18,3.51,12.29
0.282,35.19,3.51,12.3
0.282,35.2,3.51,12.3
0.282,35.21,3.51,12.3
0.282,35.22,3.51,12.31
0.282,35.23,3.51,12.31
0.282,35.24,3.52,12.31
0.282,35.25,3.52,12.32
0.282,35.26,3.52,12.32
0.282,35.27,3.52,12.33
0.282,35.28,3.52,12.33
0.282,35.29,3.52,12.33
0.282,35.3,3.52,12.34
0.282,35.31,3.52,12.34
0.282,35.32,3.52,12.34
0.282,35.33,3.52,12.35
0.282,35.34,3.53,12.35
0.282,35.35,3.53,12.35
0.282,35.36,3.53,12.36
0.282,35.37,3.53,12.36
0.282,35.38,3.53,12.36
0.282,35.39,3.53,12.37
0.282,35.4,3.53,12.37
0.282,35.41,3.53,12.37
0.282,35.42,3.53,12.38
0.282,35.43,3.53,12.38
0.282,35.44,3.54,12.38
0.282,35.45,3.54,12.39
0.282,35.46,3.54,12.39
0.282,35.47,3.54,12.4
0.282,35.48,3.54,12.4
0.282,35.49,3.54,12.4
0.282,35.5,3.54,12.41
0.282,35.51,3.54,12.41
0.282,35.52,3.54,12.41
0.282,35.53,3.54,12.42
0.282,35.54,3.55,12.42
0.282,35.55,3.55,12.42
0.282,35.56,3.55,12.43
0.282,35.57,3.55,12.43
0.282,35.58,3.55,12.43
0.282,35.59,3.55,12.44
0.282,35.6,3.55,12.44
0.282,35.61,3.55,12.44
0.282,35.62,3.55,12.45
0.282,35.63,3.55,12.45
0.282,35.64,3.56,12.45
0.282,35.65,3.56,12.46
0.282,35.66,3.56,12.46
0.282,35.67,3.56,12.47
0.282,35.68,3.56,12.47
0.282,35.69,3.56,12.47
0.282,35.7,3.56,12.48
0.282,35.71,3.56,12.48
0.282,35.72,3.56,12.48
0.282,35.73,3.56,12.49
0.282,35.74,3.57,12.49
0.282,35.75,3.57,12.49
0.282,35.76,3.57,12.5
0.282,35.77,3.57,12.5
0.282,35.78,3.57,12.5
0.282,35.79,3.57,12.51
0.282,35.8,3.57,12.51
0.282,35.81,3.57,12.51
0.282,35.82,3.57,12.52
0.282,35.83,3.57,12.52
0.282,35.84,3.58,12.52
0.282,35.85,3.58,12.53
0.282,35.86,3.58,12.53
0.282,35.87,3.58,12.54
0.282,35.88,3.58,12.54
0.282,35.89,3.58,12.54
0.282,35.9,3.58,12.55
0.282,35.91,3.58,12.55
0.282,35.92,3.58,12.55
0.282,35.93,3.58,12.56
0.282,35.94,3.59,12.56
0.282,35.95,3.59,12.56
0.282,35.96,3.59,12.57
0.282,35.97,3.59,12.57
0.282,35.98,3.59,12.57
0.282,35.99,3.59,12.58
0.282,36.0,3.59,12.58
0.282,36.01,3.59,12.58
0.282,36.02,3.59,12.59
0.282,36.03,3.59,12.59
0.282,36.04,3.6,12.59
0.282,36.05,3.6,12.6
0.282,36.06,3.6,12.6
0.282,36.07,3.6,12.61
0.282,36.08,3.6,12.61
0.282,36.09,3.6,12.61
0.282,36.1,3.6,12.62
0.282,36.11,3.6,12.62
0.282,36.12,3.6,12.62
0.282,36.13,3.6,12.63
0.282,36.14,3.61,12.63
0.282,36.15,3.61,12.63
0.282,36.16,3.61,12.64
0.282,36.17,3.61,12.64
0.282,36.18,3.61,12.64
0.282,36.19,3.61,12.65
0.282,36.2,3.61,12.65
0.282,36.21,3.61,12.65
0.282,36.22,3.61,12.66
0.282,36.23,3.61,12.66
0.282,36.24,3.62,12.66
0.282,36.25,3.62,12.67
0.282,36.26,3.62,12.67
0.282,36.27,3.62,12.68
0.282,36.28,3.62,12.68
0.282,36.29,3.62,12.68
0.282,36.3,3.62,12.69
0.282,36.31,3.62,12.69
0.282,36.32,3.62,12.69
0.282,36.33,3.62,12.7
0.282,36.34,3.63,12.7
0.282,36.35,3.63,12.7
0.282,36.36,3.63,12.71
0.282,36.37,3.63,12.71
0.282,36.38,3.63,12.71
0.282,36.39,3.63,12.72
0.282,36.4,3.63,12.72
0.282,36.41,3.63,12.72
0.282,36.42,3.63,12.73
0.282,36.43,3.63,12.73
0.282,36.44,3.64,12.73
0.282,36.45,3.64,12.74
0.282,36.46,3.64,12.74
0.282,36.47,3.64,12.75
0.282,36.48,3.64,12.75
0.282,36.49,3.64,12.75
0.282,36.5,3.64,12.76
0.282,36.51,3.64,12.76
0.282,36.52,3.64,12.76
0.282,36.53,3.64,12.77
0.282,36.54,3.65,12.77
0.282,36.55,3.65,12.77
0.282,36.56,3.65,12.78
0.282,36.57,3.65,12.78
0.282,36.58,3.65,12.78
0.282,36.59,3.65,12.79
0.282,36.6,3.65,12.79
0.282,36.61,3.65,12.79
0.282,36.62,3.65,12.8
0.282,36.63,3.65,12.8
0.282,36.64,3.66,12.8
0.282,36.65,3.66,12.81
0.282,36.66,3.66,12.81
0.282,36.67,3.66,12.82
0.282,36.68,3.66,12.82
0.282,36.69,3.66,12.82
0.282,36.7,3.66,12.83
0.282,36.71,3.66,12.83
0.282,36.72,3.66,12.83
0.282,36.73,3.66,12.84
0.282,36.74,3.67,12.84
0.282,36.75,3.67,12.84
0.282,36.76,3.67,12.85
0.282,36.77,3.67,12.85
0.282,36.78,3.67,12.85
0.282,36.79,3.67,12.86
0.282,36.8,3.67,12.86
0.282,36.81,3.67,12.86
0.282,36.82,3.67,12.87
0.282,36.83,3.67,12.87
0.282,36.84,3.68,12.87
0.282,36.85,3.68,12.88
0.282,36.86,3.68,12.88
0.282,36.87,3.68,12.89
0.282,36.88,3.68,12.89
0.282,36.89,3.68,12.89
0.282,36.9,3.68,12.9
0.282,36.91,3.68,12.9
0.282,36.92,3.68,12.9
0.282,36.93,3.68,12.91
0.282,36.94,3.69,12.91
0.282,36.95,3.69,12.91
0.282,36.96,3.69,12.92
0.282,36.97,3.69,12.92
0.282,36.98,3.69,12.92
0.282,36.99,3.69,12.93
0.282,37.0,3.69,12.93
0.282,37.01,3.69,12.93
0.282,37.02,3.69,12.94
0.282,37.03,3.69,12.94
0.282,37.04,3.7,12.94
0.282,37.05,3.7,12.95
0.282,37.06,3.7,12.95
0.282,37.07,3.7,12.96
0.282,37.08,3.7,12.96
0.282,37.09,3.7,12.96
0.282,37.1,3.7,12.97
0.282,37.11,3.7,12.97
0.282,37.12,3.7,12.97
0.282,37.13,3.7,12.98
0.282,37.14,3.71,12.98
0.282,37.15,3.71,12.98
0.282,37.16,3.71,12.99
0.282,37.17,3.71,12.99
0.282,37.18,3.71,12.99
0.282,37.19,3.71,13.0
0.282,37.2,3.71,13.0
0.282,37.21,3.71,13.0
0.282,37.22,3.71,13.01
0.282,37.23,3.71,13.01
0.282,37.24,3.72,13.01
0.282,37.25,3.72,13.02
0.282,37.26,3.72,13.02
0.282,37.27,3.72,13.03
0.282,37.28,3.72,13.03
0.282,37.29,3.72,13.03
0.282,37.3,3.72,13.04
0.282,37.31,3.72,13.04
0.282,37.32,3.72,13.04
0.282,37.33,3.72,13.05
0.282,37.34,3.73,13.05
0.282,37.35,3.73,13.05
0.282,37.36,3.73,13.06
0.282,37.37,3.73,13.06
0.282,37.38,3.73,13.06
0.282,37.39,3.73,13.07
0.282,37.4,3.73,13.07
0.282,37.41,3.73,13.07
0.282,37.42,3.73,13.08
0.282,37.43,3.73,13.08
0.282,37.44,3.74,13.08
0.282,37.45,3.74,13.09
0.282,37.46,3.74,13.09
0.282,37.47,3.74,13.1
0.282,37.48,3.74,13.1
0.282,37.49,3.74,13.1
0.282,37.5,3.74,13.11
0.282,37.51,3.74,13.11
0.282,37.52,3.74,13.11
0.282,37.53,3.74,13.12
0.282,37.54,3.75,13.12
0.282,37.55,3.75,13.12
0.282,37.56,3.75,13.13
0.282,37.57,3.75,13.13
0.282,37.58,3.75,13.13
0.282,37.59,3.75,13.14
0.282,37.6,3.75,13.14
0.282,37.61,3.75,13.14
0.282,37.62,3.75,13.15
0.282,37.63,3.75,13.15
0.282,37.64,3.76,13.15
0.282,37.65,3.76,13.16
0.282,37.66,3.76,13.16
0.282,37.67,3.76,13.17
0.282,37.68,3.76,13.17
0.282,37.69,3.76,13.17
0.282,37.7,3.76,13.18
0.282,37.71,3.76,13.18
0.282,37.72,3.76,13.18
0.282,37.73,3.76,13.19
0.282,37.74,3.77,13.19
0.282,37.75,3.77,13.19
0.282,37.76,3.77,13.2
0.282,37.77,3.77,13.2
0.282,37.78,3.77,13.2
0.282,37.79,3.77,13.21
0.282,37.8,3.77,13.21
0.282,37.81,3.77,13.21
0.282,37.82,3.77,13.22
0.282,37.83,3.77,13.22
0.282,37.84,3.78,13.22
0.282,37.85,3.78,13.23
0.282,37.86,3.78,13.23
0.282,37.87,3.78,13.24
0.282,37.88,3.78,13.24
0.282,37.89,3.78,13.24
0.282,37.9,3.78,13.25
0.282,37.91,3.78,13.25
0.282,37.92,3.78,13.25
0.282,37.93,3.78,13.26
0.282,37.94,3.79,13.26
0.282,37.95,3.79,13.26
0.282,37.96,3.79,13.27
0.282,37.97,3.79,13.27
0.282,37.98,3.79,13.27
0.282,37.99,3.79,13.28
0.282,38.0,3.79,13.28
0.282,38.01,3.79,13.28
0.282,38.02,3.79,13.29
0.282,38.03,3.79,13.29
0.282,38.04,3.8,13.29
0.282,38.05,3.8,13.3
0.282,38.06,3.8,13.3
0.282,38.07,3.8,13.31
0.282,38.08,3.8,13.31
0.282,38.09,3.8,13.31
0.282,38.1,3.8,13.32
0.282,38.11,3.8,13.32
0.282,38.12,3.8,13.32
0.282,38.13,3.8,13.33
0.282,38.14,3.81,13.33
0.282,38.15,3.81,13.33
0.282,38.16,3.81,13.34
0.282,38.17,3.81,13.34
0.282,38.18,3.81,13.34
0.282,38.19,3.81,13.35
0.282,38.2,3.81,13.35
0.282,38.21,3.81,13.35
0.282,38.22,3.81,13.36
0.282,38.23,3.81,13.36
0.282,38.24,3.82,13.36
0.282,38.25,3.82,13.37
0.282,38.26,3.82,13.37
0.282,38.27,3.82,13.38
0.282,38.28,3.82,13.38
0.282,38.29,3.82,13.38
0.282,38.3,3.82,13.39
0.282,38.31,3.82,13.39
0.282,38.32,3.82,13.39
0.282,38.33,3.82,13.4
0.282,38.34,3.83,13.4
0.282,38.35,3.83,13.4
0.282,38.36,3.83,13.41
0.282,38.37,3.83,13.41
0.282,38.38,3.83,13.41
0.282,38.39,3.83,13.42
0.282,38.4,3.83,13.42
0.282,38.41,3.83,13.42
0.282,38.42,3.83,13.43
0.282,38.43,3.83,13.43
0.282,38.44,3.84,13.43
0.282,38.45,3.84,13.44
0.282,38.46,3.84,13.44
0.282,38.47,3.84,13.45
0.282,38.48,3.84,13.45
0.282,38.49,3.84,13.45
0.282,38.5,3.84,13.46
0.282,38.51,3.84,13.46
0.282,38.52,3.84,13.46
0.282,38.53,3.84,13.47
0.282,38.54,3.85,13.47
0.282,38.55,3.85,13.47
0.282,38.56,3.85,13.48
0.282,38.57,3.85,13.48
0.282,38.58,3.85,13.48
0.282,38.59,3.85,13.49
0.282,38.6,3.85,13.49
0.282,38.61,3.85,13.49
0.282,38.62,3.85,13.5
0.282,38.63,3.85,13.5
0.282,38.64,3.86,13.5
0.282,38.65,3.86,13.51
0.282,38.66,3.86,13.51
0.282,38.67,3.86,13.52
0.282,38.68,3.86,13.52
0.282,38.69,3.86,13.52
0.282,38.7,3.86,13.53
0.282,38.71,3.86,13.53
0.282,38.72,3.86,13.53
0.282,38.73,3.86,13.54
0.282,38.74,3.87,13.54
0.282,38.75,3.87,13.54
0.282,38.76,3.87,13.55
0.282,38.77,3.87,13.55
0.282,38.78,3.87,13.55
0.282,38.79,3.87,13.56
0.282,38.8,3.87,13.56
0.282,38.81,3.87,13.56
0.282,38.82,3.87,13.57
0.282,38.83,3.87,13.57
0.282,38.84,3.88,13.57
0.282,38.85,3.88,13.58
0.282,38.86,3.88,13.58
0.282,38.87,3.88,13.59
0.282,38.88,3.88,13.59
0.282,38.89,3.88,13.59
0.282,38.9,3.88,13.6
0.282,38.91,3.88,13.6
0.282,38.92,3.88,13.6
0.282,38.93,3.88,13.61
0.282,38.94,3.89,13.61
0.282,38.95,3.89,13.61
0.282,38.96,3.89,13.62
0.282,38.97,3.89,13.62
0.282,38.98,3.89,13.62
0.282,38.99,3.89,13.63
0.282,39.0,3.89,13.63
0.282,39.01,3.89,13.63
0.282,39.02,3.89,13.64
0.282,39.03,3.89,13.64
0.282,39.04,3.9,13.64
0.282,39.05,3.9,13.65
0.282,39.06,3.9,13.65
0.282,39.07,3.9,13.66
0.282,39.08,3.9,13.66
0.282,39.09,3.9,13.66
0.282,39.1,3.9,13.67
0.282,39.11,3.9,13.67
0.282,39.12,3.9,13.67
0.282,39.13,3.9,13.68
0.282,39.14,3.91,13.68
0.282,39.15,3.91,13.68
0.282,39.16,3.91,13.69
0.282,39.17,3.91,13.69
0.282,39.18,3.91,13.69
0.282,39.19,3.91,13.7
0.282,39.2,3.91,13.7
0.282,39.21,3.91,13.7
0.282,39.22,3.91,13.71
0.282,39.23,3.91,13.71
0.282,39.24,3.92,13.71
0.282,39.25,3.92,13.72
0.282,39.26,3.92,13.72
0.282,39.27,3.92,13.73
0.282,39.28,3.92,13.73
0.282,39.29,3.92,13.73
0.282,39.3,3.92,13.74
0.282,39.31,3.92,13.74
0.282,39.32,3.92,13.74
0.282,39.33,3.92,13.75
0.282,39.34,3.93,13.75
0.282,39.35,3.93,13.75
0.282,39.36,3.93,13.76
0.282,39.37,3.93,13.76
0.282,39.38,3.93,13.76
0.282,39.39,3.93,13.77
0.282,39.4,3.93,13.77
0.282,39.41,3.93,13.77
0.282,39.42,3.93,13.78
0.282,39.43,3.93,13.78
0.282,39.44,3.94,13.78
0.282,39.45,3.94,13.79
0.282,39.46,3.94,13.79
0.282,39.47,3.94,13.8
0.282,39.48,3.94,13.8
0.282,39.49,3.94,13.8
0.282,39.5,3.94,13.81
0.282,39.51,3.94,13.81
0.282,39.52,3.94,13.81
0.282,39.53,3.94,13.82
0.282,39.54,3.95,13.82
0.282,39.55,3.95,13.82
0.282,39.56,3.95,13.83
0.282,39.57,3.95,13.83
0.282,39.58,3.95,13.83
0.282,39.59,3.95,13.84
0.282,39.6,3.95,13.84
0.282,39.61,3.95,13.84
0.282,39.62,3.95,13.85
0.282,39.63,3.95,13.85
0.282,39.64,3.96,13.85
0.282,39.65,3.96,13.86
0.282,39.66,3.96,13.86
0.282,39.67,3.96,13.87
0.282,39.68,3.96,13.87
0.282,39.69,3.96,13.87
0.282,39.7,3.96,13.88
0.282,39.71,3.96,13.88
0.282,39.72,3.96,13.88
0.282,39.73,3.96,13.89
0.282,39.74,3.97,13.89
0.282,39.75,3.97,13.89
0.282,39.76,3.97,13.9
0.282,39.77,3.97,13.9
0.282,39.78,3.97,13.9
0.282,39.79,3.97,13.91
0.282,39.8,3.97,13.91
0.282,39.81,3.97,13.91
0.282,39.82,3.97,13.92
0.282,39.83,3.97,13.92
0.282,39.84,3.98,13.92
0.282,39.85,3.98,13.93
0.282,39.86,3.98,13.93
0.282,39.87,3.98,13.94
0.282,39.88,3.98,13.94
0.282,39.89,3.98,13.94
0.282,39.9,3.98,13.95
0.282,39.91,3.98,13.95
0.282,39.92,3.98,13.95
0.282,39.93,3.98,13.96
0.282,39.94,3.99,13.96
0.282,39.95,3.99,13.96
0.282,39.96,3.99,13.97
0.282,39.97,3.99,13.97
0.282,39.98,3.99,13.97
0.282,39.99,3.99,13.98
0.282,40.0,3.99,13.98
0.282,40.01,3.99,13.98
0.282,40.02,3.99,13.99
0.282,40.03,3.99,13.99
0.282,40.04,4.0,13.99
0.282,40.05,4.0,14.0
0.282,40.06,4.0,14.0
0.282,40.07,4.0,14.01
0.282,40.08,4.0,14.01
0.282,40.09,4.0,14.01
0.282,40.1,4.0,14.02
0.282,40.11,4.0,14.02
0.282,40.12,4.0,14.02
0.282,40.13,4.0,14.03
0.282,40.14,4.01,14.03
0.282,40.15,4.01,14.03
0.282,40.16,4.01,14.04
0.282,40.17,4.01,14.04
0.282,40.18,4.01,14.04
0.282,40.19,4.01,14.05
0.282,40.2,4.01,14.05
0.282,40.21,4.01,14.05
0.282,40.22,4.01,14.06
0.282,40.23,4.01,14.06
0.282,40.24,4.02,14.06
0.282,40.25,4.02,14.07
0.282,40.26,4.02,14.07
0.282,40.27,4.02,14.08
0.282,40.28,4.02,14.08
0.282,40.29,4.02,14.08
0.282,40.3,4.02,14.09
0.282,40.31,4.02,14.09
0.282,40.32,4.02,14.09
0.282,40.33,4.02,14.1
0.282,40.34,4.03,14.1
0.282,40.35,4.03,14.1
0.282,40.36,4.03,14.11
0.282,40.37,4.03,14.11
0.282,40.38,4.03,14.11
0.282,40.39,4.03,14.12
0.282,40.4,4.03,14.12
0.282,40.41,4.03,14.12
0.282,40.42,4.03,14.13
0.282,40.43,4.03,14.13
0.282,40.44,4.04,14.13
0.282,40.45,4.04,14.14
0.282,40.46,4.04,14.14
0.282,40.47,4.04,14.15
0.282,40.48,4.04,14.15
0.282,40.49,4.04,14.15
0.282,40.5,4.04,14.16
0.282,40.51,4.04,14.16
0.282,40.52,4.04,14.16
0.282,40.53,4.04,14.17
0.282,40.54,4.05,14.17
0.282,40.55,4.05,14.17
0.282,40.56,4.05,14.18
0.282,40.57,4.05,14.18
0.282,40.58,4.05,14.18
0.282,40.59,4.05,14.19
0.282,40.6,4.05,14.19
0.282,40.61,4.05,14.19
0.282,40.62,4.05,14.2
0.282,40.63,4.05,14.2
0.282,40.64,4.06,14.2
0.282,40.65,4.06,14.21
0.282,40.66,4.06,14.21
0.282,40.67,4.06,14.22
0.282,40.68,4.06,14.22
0.282,40.69,4.06,14.22
0.282,40.7,4.06,14.23
0.282,40.71,4.06,14.23
0.282,40.72,4.06,14.23
0.282,40.73,4.06,14.24
0.282,40.74,4.07,14.24
0.282,40.75,4.07,14.24
0.282,40.76,4.07,14.25
0.282,40.77,4.07,14.25
0.282,40.78,4.07,14.25
0.282,40.79,4.07,14.26
0.282,40.8,4.07,14.26
0.282,40.81,4.07,14.26
0.282,40.82,4.07,14.27
0.282,40.83,4.07,14.27
0.282,40.84,4.08,14.27
0.282,40.85,4.08,14.28
0.282,40.86,4.08,14.28
0.282,40.87,4.08,14.29
0.282,40.88,4.08,14.29
0.282,40.89,4.08,14.29
0.282,40.9,4.08,14.3
0.282,40.91,4.08,14.3
0.282,40.92,4.08,14.3
0.282,40.93,4.08,14.31
0.282,40.94,4.09,14.31
0.282,40.95,4.09,14.31
0.282,40.96,4.09,14.32
0.282,40.97,4.09,14.32
0.282,40.98,4.09,14.32
0.282,40.99,4.09,14.33
0.282,41.0,4.09,14.33
0.282,41.01,4.09,14.33
0.282,41.02,4.09,14.34
0.282,41.03,4.09,14.34
0.282,41.04,4.1,14.34
0.282,41.05,4.1,14.35
0.282,41.06,4.1,14.35
0.282,41.07,4.1,14.36
0.282,41.08,4.1,14.36
0.282,41.09,4.1,14.36
0.282,41.1,4.1,14.37
0.282,41.11,4.1,14.37
0.282,41.12,4.1,14.37
0.282,41.13,4.1,14.38
0.282,41.14,4.11,14.38
0.282,41.15,4.11,14.38
0.282,41.16,4.11,14.39
0.282,41.17,4.11,14.39
0.282,41.18,4.11,14.39
0.282,41.19,4.11,14.4
0.282,41.2,4.11,14.4
0.282,41.21,4.11,14.4
0.282,41.22,4.11,14.41
0.282,41.23,4.11,14.41
0.282,41.24,4.12,14.41
0.282,41.25,4.12,14.42
0.282,41.26,4.12,14.42
0.282,41.27,4.12,14.43
0.282,41.28,4.12,14.43
0.282,41.29,4.12,14.43
0.282,41.3,4.12,14.44
0.282,41.31,4.12,14.44
0.282,41.32,4.12,14.44
0.282,41.33,4.12,14.45
0.282,41.34,4.13,14.45
0.282,41.35,4.13,14.45
0.282,41.36,4.13,14.46
0.282,41.37,4.13,14.46
0.282,41.38,4.13,14.46
0.282,41.39,4.13,14.47
0.282,41.4,4.13,14.47
0.282,41.41,4.13,14.47
0.282,41.42,4.13,14.48
0.282,41.43,4.13,14.48
0.282,41.44,4.14,14.48
0.282,41.45,4.14,14.49
0.282,41.46,4.14,14.49
0.282,41.47,4.14,14.5
0.282,41.48,4.14,14.5
0.282,41.49,4.14,14.5
0.282,41.5,4.14,14.51
0.282,41.51,4.14,14.51
0.282,41.52,4.14,14.51
0.282,41.53,4.14,14.52
0.282,41.54,4.15,14.52
0.282,41.55,4.15,14.52
0.282,41.56,4.15,14.53
0.282,41.57,4.15,14.53
0.282,41.58,4.15,14.53
0.282,41.59,4.15,14.54
0.282,41.6,4.15,14.54
0.282,41.61,4.15,14.54
0.282,41.62,4.15,14.55
0.282,41.63,4.15,14.55
0.282,41.64,4.16,14.55
0.282,41.65,4.16,14.56
0.282,41.66,4.16,14.56
0.282,41.67,4.16,14.57
0.282,41.68,4.16,14.57
0.282,41.69,4.16,14.57
0.282,41.7,4.16,14.58
0.282,41.71,4.16,14.58
0.282,41.72,4.16,14.58
0.282,41.73,4.16,14.59
0.282,41.74,4.17,14.59
0.282,41.75,4.17,14.59
0.282,41.76,4.17,14.6
0.282,41.77,4.17,14.6
0.282,41.78,4.17,14.6
0.282,41.79,4.17,14.61
0.282,41.8,4.17,14.61
0.282,41.81,4.17,14.61
0.282,41.82,4.17,14.62
0.282,41.83,4.17,14.62
0.282,41.84,4.18,14.62
0.282,41.85,4.18,14.63
0.282,41.86,4.18,14.63
0.282,41.87,4.18,14.64
0.282,41.88,4.18,14.64
0.282,41.89,4.18,14.64
0.282,41.9,4.18,14.65
0.282,41.91,4.18,14.65
0.282,41.92,4.18,14.65
0.282,41.93,4.18,14.66
0.282,41.94,4.19,14.66
0.282,41.95,4.19,14.66
0.282,41.96,4.19,14.67
0.282,41.97,4.19,14.67
0.282,41.98,4.19,14.67
0.282,41.99,4.19,14.68
0.282,42.0,4.19,14.68
0.282,42.01,4.19,14.68
0.282,42.02,4.19,14.69
0.282,42.03,4.19,14.69
0.282,42.04,4.2,14.69
0.282,42.05,4.2,14.7
0.282,42.06,4.2,14.7
0.282,42.07,4.2,14.71
0.282,42.08,4.2,14.71
0.282,42.09,4.2,14.71
0.282,42.1,4.2,14.72
0.282,42.11,4.2,14.72
0.282,42.12,4.2,14.72
0.282,42.13,4.2,14.73
0.282,42.14,4.21,14.73
0.282,42.15,4.21,14.73
0.282,42.16,4.21,14.74
0.282,42.17,4.21,14.74
0.282,42.18,4.21,14.74
0.282,42.19,4.21,14.75
0.282,42.2,4.21,14.75
0.282,42.21,4.21,14.75
0.282,42.22,4.21,14.76
0.282,42.23,4.21,14.76
0.282,42.24,4.22,14.76
0.282,42.25,4.22,14.77
0.282,42.26,4.22,14.77
0.282,42.27,4.22,14.78
0.282,42.28,4.22,14.78
0.282,42.29,4.22,14.78
0.282,42.3,4.22,14.79
0.282,42.31,4.22,14.79
0.282,42.32,4.22,14.79
0.282,42.33,4.22,14.8
0.282,42.34,4.23,14.8
0.282,42.35,4.23,14.8
0.282,42.36,4.23,14.81
0.282,42.37,4.23,14.81
0.282,42.38,4.23,14.81
0.282,42.39,4.23,14.82
0.282,42.4,4.23,14.82
0.282,42.41,4.23,14.82
0.282,42.42,4.23,14.83
0.282,42.43,4.23,14.83
0.282,42.44,4.24,14.83
0.282,42.45,4.24,14.84
0.282,42.46,4.24,14.84
0.282,42.47,4.24,14.85
0.282,42.48,4.24,14.85
0.282,42.49,4.24,14.85
0.282,42.5,4.24,14.86
0.282,42.51,4.24,14.86
0.282,42.52,4.24,14.86
0.282,42.53,4.24,14.87
0.282,42.54,4.25,14.87
0.282,42.55,4.25,14.87
0.282,42.56,4.25,14.88
0.282,42.57,4.25,14.88
0.282,42.58,4.25,14.88
0.282,42.59,4.25,14.89
0.282,42.6,4.25,14.89
0.282,42.61,4.25,14.89
0.282,42.62,4.25,14.9
0.282,42.63,4.25,14.9
0.282,42.64,4.26,14.9
0.282,42.65,4.26,14.91
0.282,42.66,4.26,14.91
0.282,42.67,4.26,14.92
0.282,42.68,4.26,14.92
0.282,42.69,4.26,14.92
0.282,42.7,4.26,14.93
0.282,42.71,4.26,14.93
0.282,42.72,4.26,14.93
0.282,42.73,4.26,14.94
0.282,42.74,4.27,14.94
0.282,42.75,4.27,14.94
0.282,42.76,4.27,14.95
0.282,42.77,4.27,14.95
0.282,42.78,4.27,14.95
0.282,42.79,4.27,14.96
0.282,42.8,4.27,14.96
0.282,42.81,4.27,14.96
0.282,42.82,4.27,14.97
0.282,42.83,4.27,14.97
0.282,42.84,4.28,14.97
0.282,42.85,4.28,14.98
0.282,42.86,4.28,14.98
0.282,42.87,4.28,14.99
0.282,42.88,4.28,14.99
0.282,42.89,4.28,14.99
0.282,42.9,4.28,15.0
0.282,42.91,4.28,15.0
0.282,42.92,4.28,15.0
0.282,42.93,4.28,15.01
0.282,42.94,4.29,15.01
0.282,42.95,4.29,15.01
0.282,42.96,4.29,15.02
0.282,42.97,4.29,15.02
0.282,42.98,4.29,15.02
0.282,42.99,4.29,15.03
0.282,43.0,4.29,15.03
0.282,43.01,4.29,15.03
0.282,43.02,4.29,15.04
0.282,43.03,4.29,15.04
0.282,43.04,4.3,15.04
0.282,43.05,4.3,15.05
0.282,43.06,4.3,15.05
0.282,43.07,4.3,15.06
0.282,43.08,4.3,15.06
0.282,43.09,4.3,15.06
0.282,43.1,4.3,15.07
0.282,43.11,4.3,15.07
0.282,43.12,4.3,15.07
0.282,43.13,4.3,15.08
0.282,43.14,4.31,15.08
0.282,43.15,4.31,15.08
0.282,43.16,4.31,15.09
0.282,43.17,4.31,15.09
0.282,43.18,4.31,15.09
0.282,43.19,4.31,15.1
0.282,43.2,4.31,15.1
0.282,43.21,4.31,15.1
0.282,43.22,4.31,15.11
0.282,43.23,4.31,15.11
0.282,43.24,4.32,15.11
0.282,43.25,4.32,15.12
0.282,43.26,4.32,15.12
0.282,43.27,4.32,15.13
0.282,43.28,4.32,15.13
0.282,43.29,4.32,15.13
0.282,43.3,4.32,15.14
0.282,43.31,4.32,15.14
0.282,43.32,4.32,15.14
0.282,43.33,4.32,15.15
0.282,43.34,4.33,15.15
0.282,43.35,4.33,15.15
0.282,43.36,4.33,15.16
0.282,43.37,4.33,15.16
0.282,43.38,4.33,15.16
0.282,43.39,4.33,15.17
0.282,43.4,4.33,15.17
0.282,43.41,4.33,15.17
0.282,43.42,4.33,15.18
0.282,43.43,4.33,15.18
0.282,43.44,4.34,15.18
0.282,43.45,4.34,15.19
0.282,43.46,4.34,15.19
0.282,43.47,4.34,15.2
0.282,43.48,4.34,15.2
0.282,43.49,4.34,15.2
0.282,43.5,4.34,15.21
0.282,43.51,4.34,15.21
0.282,43.52,4.34,15.21
0.282,43.53,4.34,15.22
0.282,43.54,4.35,15.22
0.282,43.55,4.35,15.22
0.282,43.56,4.35,15.23
0.282,43.57,4.35,15.23
0.282,43.58,4.35,15.23
0.282,43.59,4.35,15.24
0.282,43.6,4.35,15.24
0.282,43.61,4.35,15.24
0.282,43.62,4.35,15.25
0.282,43.63,4.35,15.25
0.282,43.64,4.36,15.25
0.282,43.65,4.36,15.26
0.282,43.66,4.36,15.26
0.282,43.67,4.36,15.27
0.282,43.68,4.36,15.27
0.282,43.69,4.36,15.27
0.282,43.7,4.36,15.28
0.282,43.71,4.36,15.28
0.282,43.72,4.36,15.28
0.282,43.73,4.36,15.29
0.282,43.74,4.37,15.29
0.282,43.75,4.37,15.29
0.282,43.76,4.37,15.3
0.282,43.77,4.37,15.3
0.282,43.78,4.37,15.3
0.282,43.79,4.37,15.31
0.282,43.8,4.37,15.31
0.282,43.81,4.37,15.31
0.282,43.82,4.37,15.32
0.282,43.83,4.37,15.32
0.282,43.84,4.38,15.32
0.282,43.85,4.38,15.33
0.282,43.86,4.38,15.33
0.282,43.87,4.38,15.34
0.282,43.88,4.38,15.34
0.282,43.89,4.38,15.34
0.282,43.9,4.38,15.35
0.282,43.91,4.38,15.35
0.282,43.92,4.38,15.35
0.282,43.93,4.38,15.36
0.282,43.94,4.39,15.36
0.282,43.95,4.39,15.36
0.282,43.96,4.39,15.37
0.282,43.97,4.39,15.37
0.282,43.98,4.39,15.37
0.282,43.99,4.39,15.38
0.282,44.0,4.39,15.38
0.282,44.01,4.39,15.38
0.282,44.02,4.39,15.39
0.282,44.03,4.39,15.39
0.282,44.04,4.4,15.39
0.282,44.05,4.4,15.4
0.282,44.06,4.4,15.4
0.282,44.07,4.4,15.41
0.282,44.08,4.4,15.41
0.282,44.09,4.4,15.41
0.282,44.1,4.4,15.42
0.282,44.11,4.4,15.42
0.282,44.12,4.4,15.42
0.282,44.13,4.4,15.43
0.282,44.14,4.41,15.43
0.282,44.15,4.41,15.43
0.282,44.16,4.41,15.44
0.282,44.17,4.41,15.44
0.282,44.18,4.41,15.44
0.282,44.19,4.41,15.45
0.282,44.2,4.41,15.45
0.282,44.21,4.41,15.45
0.282,44.22,4.41,15.46
0.282,44.23,4.41,15.46
0.282,44.24,4.42,15.46
0.282,44.25,4.42,15.47
0.282,44.26,4.42,15.47
0.282,44.27,4.42,15.48
0.282,44.28,4.42,15.48
0.282,44.29,4.42,15.48
0.282,44.3,4.42,15.49
0.282,44.31,4.42,15.49
0.282,44.32,4.42,15.49
0.282,44.33,4.42,15.5
0.282,44.34,4.43,15.5
0.282,44.35,4.43,15.5
0.282,44.36,4.43,15.51
0.282,44.37,4.43,15.51
0.282,44.38,4.43,15.51
0.282,44.39,4.43,15.52
0.282,44.4,4.43,15.52
0.282,44.41,4.43,15.52
0.282,44.42,4.43,15.53
0.282,44.43,4.43,15.53
0.282,44.44,4.44,15.53
0.282,44.45,4.44,15.54
0.282,44.46,4.44,15.54
0.282,44.47,4.44,15.55
0.282,44.48,4.44,15.55
0.282,44.49,4.44,15.55
0.282,44.5,4.44,15.56
0.282,44.51,4.44,15.56
0.282,44.52,4.44,15.56
0.282,44.53,4.44,15.57
0.282,44.54,4.45,15.57
0.282,44.55,4.45,15.57
0.282,44.56,4.45,15.58
0.282,44.57,4.45,15.58
0.282,44.58,4.45,15.58
0.282,44.59,4.45,15.59
0.282,44.6,4.45,15.59
0.282,44.61,4.45,15.59
0.282,44.62,4.45,15.6
0.282,44.63,4.45,15.6
0.282,44.64,4.46,15.6
0.282,44.65,4.46,15.61
0.282,44.66,4.46,15.61
0.282,44.67,4.46,15.62
0.282,44.68,4.46,15.62
0.282,44.69,4.46,15.62
0.282,44.7,4.46,15.63
0.282,44.71,4.46,15.63
0.282,44.72,4.46,15.63
0.282,44.73,4.46,15.64
0.282,44.74,4.47,15.64
0.282,44.75,4.47,15.64
0.282,44.76,4.47,15.65
0.282,44.77,4.47,15.65
0.282,44.78,4.47,15.65
0.282,44.79,4.47,15.66
0.282,44.8,4.47,15.66
0.282,44.81,4.47,15.66
0.282,44.82,4.47,15.67
0.282,44.83,4.47,15.67
0.282,44.84,4.48,15.67
0.282,44.85,4.48,15.68
0.282,44.86,4.48,15.68
0.282,44.87,4.48,15.69
0.282,44.88,4.48,15.69
0.282,44.89,4.48,15.69
0.282,44.9,4.48,15.7
0.282,44.91,4.48,15.7
0.282,44.92,4.48,15.7
0.282,44.93,4.48,15.71
0.282,44.94,4.49,15.71
0.282,44.95,4.49,15.71
0.282,44.96,4.49,15.72
0.282,44.97,4.49,15.72
0.282,44.98,4.49,15.72
0.282,44.99,4.49,15.73
0.282,45.0,4.49,15.73
0.282,45.01,4.49,15.73
0.282,45.02,4.49,15.74
0.282,45.03,4.49,15.74
0.282,45.04,4.5,15.74
0.282,45.05,4.5,15.75
0.282,45.06,4.5,15.75
0.282,45.07,4.5,15.76
0.282,45.08,4.5,15.76
0.282,45.09,4.5,15.76
0.282,45.1,4.5,15.77
0.282,45.11,4.5,15.77
0.282,45.12,4.5,15.77
0.282,45.13,4.5,15.78
0.282,45.14,4.51,15.78
0.282,45.15,4.51,15.78
0.282,45.16,4.51,15.79
0.282,45.17,4.51,15.79
0.282,45.18,4.51,15.79
0.282,45.19,4.51,15.8
0.282,45.2,4.51,15.8
0.282,45.21,4.51,15.8
0.282,45.22,4.51,15.81
0.282,45.23,4.51,15.81
0.282,45.24,4.52,15.81
0.282,45.25,4.52,15.82
0.282,45.26,4.52,15.82
0.282,45.27,4.52,15.83
0.282,45.28,4.52,15.83
0.282,45.29,4.52,15.83
0.282,45.3,4.52,15.84
0.282,45.31,4.52,15.84
0.282,45.32,4.52,15.84
0.282,45.33,4.52,15.85
0.282,45.34,4.53,15.85
0.282,45.35,4.53,15.85
0.282,45.36,4.53,15.86
0.282,45.37,4.53,15.86
0.282,45.38,4.53,15.86
0.282,45.39,4.53,15.87
0.282,45.4,4.53,15.87
0.282,45.41,4.53,15.87
0.282,45.42,4.53,15.88
0.282,45.43,4.53,15.88
0.282,45.44,4.54,15.88
0.282,45.45,4.54,15.89
0.282,45.46,4.54,15.89
0.282,45.47,4.54,15.9
0.282,45.48,4.54,15.9
0.282,45.49,4.54,15.9
0.282,45.5,4.54,15.91
0.282,45.51,4.54,15.91
0.282,45.52,4.54,15.91
0.282,45.53,4.54,15.92
0.282,45.54,4.55,15.92
0.282,45.55,4.55,15.92
0.282,45.56,4.55,15.93
0.282,45.57,4.55,15.93
0.282,45.58,4.55,15.93
0.282,45.59,4.55,15.94
0.282,45.6,4.55,15.94
0.282,45.61,4.55,15.94
0.282,45.62,4.55,15.95
0.282,45.63,4.55,15.95
0.282,45.64,4.56,15.95
0.282,45.65,4.56,15.96
0.282,45.66,4.56,15.96
0.282,45.67,4.56,15.97
0.282,45.68,4.56,15.97
0.282,45.69,4.56,15.97
0.282,45.7,4.56,15.98
0.282,45.71,4.56,15.98
0.282,45.72,4.56,15.98
0.282,45.73,4.56,15.99
0.282,45.74,4.57,15.99
0.282,45.75,4.57,15.99
0.282,45.76,4.57,16.0
0.282,45.77,4.57,16.0
0.282,45.78,4.57,16.0
0.282,45.79,4.57,16.01
0.282,45.8,4.57,16.01
0.282,45.81,4.57,16.01
0.282,45.82,4.57,16.02
0.282,45.83,4.57,16.02
0.282,45.84,4.58,16.02
0.282,45.85,4.58,16.03
0.282,45.86,4.58,16.03
0.282,45.87,4.58,16.04
0.282,45.88,4.58,16.04
0.282,45.89,4.58,16.04
0.282,45.9,4.58,16.05
0.282,45.91,4.58,16.05
0.282,45.92,4.58,16.05
0.282,45.93,4.58,16.06
0.282,45.94,4.59,16.06
0.282,45.95,4.59,16.06
0.282,45.96,4.59,16.07
0.282,45.97,4.59,16.07
0.282,45.98,4.59,16.07
0.282,45.99,4.59,16.08
0.282,46.0,4.59,16.08
0.282,46.01,4.59,16.08
0.282,46.02,4.59,16.09
0.282,46.03,4.59,16.09
0.282,46.04,4.6,16.09
0.282,46.05,4.6,16.1
0.282,46.06,4.6,16.1
0.282,46.07,4.6,16.11
0.282,46.08,4.6,16.11
0.282,46.09,4.6,16.11
0.282,46.1,4.6,16.12
0.282,46.11,4.6,16.12
0.282,46.12,4.6,16.12
0.282,46.13,4.6,16.13
0.282,46.14,4.61,16.13
0.282,46.15,4.61,16.13
0.282,46.16,4.61,16.14
0.282,46.17,4.61,16.14
0.282,46.18,4.61,16.14
0.282,46.19,4.61,16.15
0.282,46.2,4.61,16.15
0.282,46.21,4.61,16.15
0.282,46.22,4.61,16.16
0.282,46.23,4.61,16.16
0.282,46.24,4.62,16.16
0.282,46.25,4.62,16.17
0.282,46.26,4.62,16.17
0.282,46.27,4.62,16.18
0.282,46.28,4.62,16.18
0.282,46.29,4.62,16.18
0.282,46.3,4.62,16.19
0.282,46.31,4.62,16.19
0.282,46.32,4.62,16.19
0.282,46.33,4.62,16.2
0.282,46.34,4.63,16.2
0.282,46.35,4.63,16.2
0.282,46.36,4.63,16.21
0.282,46.37,4.63,16.21
0.282,46.38,4.63,16.21
0.282,46.39,4.63,16.22
0.282,46.4,4.63,16.22
0.282,46.41,4.63,16.22
0.282,46.42,4.63,16.23
0.282,46.43,4.63,16.23
0.282,46.44,4.64,16.23
0.282,46.45,4.64,16.24
0.282,46.46,4.64,16.24
0.282,46.47,4.64,16.25
0.282,46.48,4.64,16.25
0.282,46.49,4.64,16.25
0.282,46.5,4.64,16.26
0.282,46.51,4.64,16.26
0.282,46.52,4.64,16.26
0.282,46.53,4.64,16.27
0.282,46.54,4.65,16.27
0.282,46.55,4.65,16.27
0.282,46.56,4.65,16.28
0.282,46.57,4.65,16.28
0.282,46.58,4.65,16.28
0.282,46.59,4.65,16.29
0.282,46.6,4.65,16.29
0.282,46.61,4.65,16.29
0.282,46.62,4.65,16.3
0.282,46.63,4.65,16.3
0.282,46.64,4.66,16.3
0.282,46.65,4.66,16.31
0.282,46.66,4.66,16.31
0.282,46.67,4.66,16.32
0.282,46.68,4.66,16.32
0.282,46.69,4.66,16.32
0.282,46.7,4.66,16.33
0.282,46.71,4.66,16.33
0.282,46.72,4.66,16.33
0.282,46.73,4.66,16.34
0.282,46.74,4.67,16.34
0.282,46.75,4.67,16.34
0.282,46.76,4.67,16.35
0.282,46.77,4.67,16.35
0.282,46.78,4.67,16.35
0.282,46.79,4.67,16.36
0.282,46.8,4.67,16.36
0.282,46.81,4.67,16.36
0.282,46.82,4.67,16.37
0.282,46.83,4.67,16.37
0.282,46.84,4.68,16.37
0.282,46.85,4.68,16.38
0.282,46.86,4.68,16.38
0.282,46.87,4.68,16.39
0.282,46.88,4.68,16.39
0.282,46.89,4.68,16.39
0.282,46.9,4.68,16.4
0.282,46.91,4.68,16.4
0.282,46.92,4.68,16.4
0.282,46.93,4.68,16.41
0.282,46.94,4.69,16.41
0.282,46.95,4.69,16.41
0.282,46.96,4.69,16.42
0.282,46.97,4.69,16.42
0.282,46.98,4.69,16.42
0.282,46.99,4.69,16.43
0.282,47.0,4.69,16.43
0.282,47.01,4.69,16.43
0.282,47.02,4.69,16.44
0.282,47.03,4.69,16.44
0.282,47.04,4.7,16.44
0.282,47.05,4.7,16.45
0.282,47.06,4.7,16.45
0.282,47.07,4.7,16.46
0.282,47.08,4.7,16.46
0.282,47.09,4.7,16.46
0.282,47.1,4.7,16.47
0.282,47.11,4.7,16.47
0.282,47.12,4.7,16.47
0.282,47.13,4.7,16.48
0.282,47.14,4.71,16.48
0.282,47.15,4.71,16.48
0.282,47.16,4.71,16.49
0.282,47.17,4.71,16.49
0.282,47.18,4.71,16.49
0.282,47.19,4.71,16.5
0.282,47.2,4.71,16.5
0.282,47.21,4.71,16.5
0.282,47.22,4.71,16.51
0.282,47.23,4.71,16.51
0.282,47.24,4.72,16.51
0.282,47.25,4.72,16.52
0.282,47.26,4.72,16.52
0.282,47.27,4.72,16.53
0.282,47.28,4.72,16.53
0.282,47.29,4.72,16.53
0.282,47.3,4.72,16.54
0.282,47.31,4.72,16.54
0.282,47.32,4.72,16.54
0.282,47.33,4.72,16.55
0.282,47.34,4.73,16.55
0.282,47.35,4.73,16.55
0.282,47.36,4.73,16.56
0.282,47.37,4.73,16.56
0.282,47.38,4.73,16.56
0.282,47.39,4.73,16.57
0.282,47.4,4.73,16.57
0.282,47.41,4.73,16.57
0.282,47.42,4.73,16.58
0.282,47.43,4.73,16.58
0.282,47.44,4.74,16.58
0.282,47.45,4.74,16.59
0.282,47.46,4.74,16.59
0.282,47.47,4.74,16.6
0.282,47.48,4.74,16.6
0.282,47.49,4.74,16.6
0.282,47.5,4.74,16.61
0.282,47.51,4.74,16.61
0.282,47.52,4.74,16.61
0.282,47.53,4.74,16.62
0.282,47.54,4.75,16.62
0.282,47.55,4.75,16.62
0.282,47.56,4.75,16.63
0.282,47.57,4.75,16.63
0.282,47.58,4.75,16.63
0.282,47.59,4.75,16.64
0.282,47.6,4.75,16.64
0.282,47.61,4.75,16.64
0.282,47.62,4.75,16.65
0.282,47.63,4.75,16.65
0.282,47.64,4.76,16.65
0.282,47.65,4.76,16.66
0.282,47.66,4.76,16.66
0.282,47.67,4.76,16.67
0.282,47.68,4.76,16.67
0.282,47.69,4.76,16.67
0.282,47.7,4.76,16.68
0.282,47.71,4.76,16.68
0.282,47.72,4.76,16.68
0.282,47.73,4.76,16.69
0.282,47.74,4.77,16.69
0.282,47.75,4.77,16.69
0.282,47.76,4.77,16.7
0.282,47.77,4.77,16.7
0.282,47.78,4.77,16.7
0.282,47.79,4.77,16.71
0.282,47.8,4.77,16.71
0.282,47.81,4.77,16.71
0.282,47.82,4.77,16.72
0.282,47.83,4.77,16.72
0.282,47.84,4.78,16.72
0.282,47.85,4.78,16.73
0.282,47.86,4.78,16.73
0.282,47.87,4.78,16.74
0.282,47.88,4.78,16.74
0.282,47.89,4.78,16.74
0.282,47.9,4.78,16.75
0.282,47.91,4.78,16.75
0.282,47.92,4.78,16.75
0.282,47.93,4.78,16.76
0.282,47.94,4.79,16.76
0.282,47.95,4.79,16.76
0.282,47.96,4.79,16.77
0.282,47.97,4.79,16.77
0.282,47.98,4.79,16.77
0.282,47.99,4.79,16.78
0.282,48.0,4.79,16.78
0.282,48.01,4.79,16.78
0.282,48.02,4.79,16.79
0.282,48.03,4.79,16.79
0.282,48.04,4.8,16.79
0.282,48.05,4.8,16.8
0.282,48.06,4.8,16.8
0.282,48.07,4.8,16.81
0.282,48.08,4.8,16.81
0.282,48.09,4.8,16.81
0.282,48.1,4.8,16.82
0.282,48.11,4.8,16.82
0.282,48.12,4.8,16.82
0.282,48.13,4.8,16.83
0.282,48.14,4.81,16.83
0.282,48.15,4.81,16.83
0.282,48.16,4.81,16.84
0.282,48.17,4.81,16.84
0.282,48.18,4.81,16.84
0.282,48.19,4.81,16.85
0.282,48.2,4.81,16.85
0.282,48.21,4.81,16.85
0.282,48.22,4.81,16.86
0.282,48.23,4.81,16.86
0.282,48.24,4.82,16.86
0.282,48.25,4.82,16.87
0.282,48.26,4.82,16.87
0.282,48.27,4.82,16.88
0.282,48.28,4.82,16.88
0.282,48.29,4.82,16.88
0.282,48.3,4.82,16.89
0.282,48.31,4.82,16.89
0.282,48.32,4.82,16.89
0.282,48.33,4.82,16.9
0.282,48.34,4.83,16.9
0.282,48.35,4.83,16.9
0.282,48.36,4.83,16.91
0.282,48.37,4.83,16.91
0.282,48.38,4.83,16.91
0.282,48.39,4.83,16.92
0.282,48.4,4.83,16.92
0.282,48.41,4.83,16.92
0.282,48.42,4.83,16.93
0.282,48.43,4.83,16.93
0.282,48.44,4.84,16.93
0.282,48.45,4.84,16.94
0.282,48.46,4.84,16.94
0.282,48.47,4.84,16.95
0.282,48.48,4.84,16.95
0.282,48.49,4.84,16.95
0.282,48.5,4.84,16.96
0.282,48.51,4.84,16.96
0.282,48.52,4.84,16.96
0.282,48.53,4.84,16.97
0.282,48.54,4.85,16.97
0.282,48.55,4.85,16.97
0.282,48.56,4.85,16.98
0.282,48.57,4.85,16.98
0.282,48.58,4.85,16.98
0.282,48.59,4.85,16.99
0.282,48.6,4.85,16.99
0.282,48.61,4.85,16.99
0.282,48.62,4.85,17.0
0.282,48.63,4.85,17.0
0.282,48.64,4.86,17.0
0.282,48.65,4.86,17.01
0.282,48.66,4.86,17.01
0.282,48.67,4.86,17.02
0.282,48.68,4.86,17.02
0.282,48.69,4.86,17.02
0.282,48.7,4.86,17.03
0.282,48.71,4.86,17.03
0.282,48.72,4.86,17.03
0.282,48.73,4.86,17.04
0.282,48.74,4.87,17.04
0.282,48.75,4.87,17.04
0.282,48.76,4.87,17.05
0.282,48.77,4.87,17.05
0.282,48.78,4.87,17.05
0.282,48.79,4.87,17.06
0.282,48.8,4.87,17.06
0.282,48.81,4.87,17.06
0.282,48.82,4.87,17.07
0.282,48.83,4.87,17.07
0.282,48.84,4.88,17.07
0.282,48.85,4.88,17.08
0.282,48.86,4.88,17.08
0.282,48.87,4.88,17.09
0.282,48.88,4.88,17.09
0.282,48.89,4.88,17.09
0.282,48.9,4.88,17.1
0.282,48.91,4.88,17.1
0.282,48.92,4.88,17.1
0.282,48.93,4.88,17.11
0.282,48.94,4.89,17.11
0.282,48.95,4.89,17.11
0.282,48.96,4.89,17.12
0.282,48.97,4.89,17.12
0.282,48.98,4.89,17.12
0.282,48.99,4.89,17.13
0.282,49.0,4.89,17.13
0.282,49.01,4.89,17.13
0.282,49.02,4.89,17.14
0.282,49.03,4.89,17.14
0.282,49.04,4.9,17.14
0.282,49.05,4.9,17.15
0.282,49.06,4.9,17.15
0.282,49.07,4.9,17.16
0.282,49.08,4.9,17.16
0.282,49.09,4.9,17.16
0.282,49.1,4.9,17.17
0.282,49.11,4.9,17.17
0.282,49.12,4.9,17.17
0.282,49.13,4.9,17.18
0.282,49.14,4.91,17.18
0.282,49.15,4.91,17.18
0.282,49.16,4.91,17.19
0.282,49.17,4.91,17.19
0.282,49.18,4.91,17.19
0.282,49.19,4.91,17.2
0.282,49.2,4.91,17.2
0.282,49.21,4.91,17.2
0.282,49.22,4.91,17.21
0.282,49.23,4.91,17.21
0.282,49.24,4.92,17.21
0.282,49.25,4.92,17.22
0.282,49.26,4.92,17.22
0.282,49.27,4.92,17.23
0.282,49.28,4.92,17.23
0.282,49.29,4.92,17.23
0.282,49.3,4.92,17.24
0.282,49.31,4.92,17.24
0.282,49.32,4.92,17.24
0.282,49.33,4.92,17.25
0.282,49.34,4.93,17.25
0.282,49.35,4.93,17.25
0.282,49.36,4.93,17.26
0.282,49.37,4.93,17.26
0.282,49.38,4.93,17.26
0.282,49.39,4.93,17.27
0.282,49.4,4.93,17.27
0.282,49.41,4.93,17.27
0.282,49.42,4.93,17.28
0.282,49.43,4.93,17.28
0.282,49.44,4.94,17.28
0.282,49.45,4.94,17.29
0.282,49.46,4.94,17.29
0.282,49.47,4.94,17.3
0.282,49.48,4.94,17.3
0.282,49.49,4.94,17.3
0.282,49.5,4.94,17.31
0.282,49.51,4.94,17.31
0.282,49.52,4.94,17.31
0.282,49.53,4.94,17.32
0.282,49.54,4.95,17.32
0.282,49.55,4.95,17.32
0.282,49.56,4.95,17.33
0.282,49.57,4.95,17.33
0.282,49.58,4.95,17.33
0.282,49.59,4.95,17.34
0.282,49.6,4.95,17.34
0.282,49.61,4.95,17.34
0.282,49.62,4.95,17.35
0.282,49.63,4.95,17.35
0.282,49.64,4.96,17.35
0.282,49.65,4.96,17.36
0.282,49.66,4.96,17.36
0.282,49.67,4.96,17.37
0.282,49.68,4.96,17.37
0.282,49.69,4.96,17.37
0.282,49.7,4.96,17.38
0.282,49.71,4.96,17.38
0.282,49.72,4.96,17.38
0.282,49.73,4.96,17.39
0.282,49.74,4.97,17.39
0.282,49.75,4.97,17.39
0.282,49.76,4.97,17.4
0.282,49.77,4.97,17.4
0.282,49.78,4.97,17.4
0.282,49.79,4.97,17.41
0.282,49.8,4.97,17.41
0.282,49.81,4.97,17.41
0.282,49.82,4.97,17.42
0.282,49.83,4.97,17.42
0.282,49.84,4.98,17.42
0.282,49.85,4.98,17.43
0.282,49.86,4.98,17.43
0.282,49.87,4.98,17.44
0.282,49.88,4.98,17.44
0.282,49.89,4.98,17.44
0.282,49.9,4.98,17.45
0.282,49.91,4.98,17.45
0.282,49.92,4.98,17.45
0.282,49.93,4.98,17.46
0.282,49.94,4.99,17.46
0.282,49.95,4.99,17.46
0.282,49.96,4.99,17.47
0.282,49.97,4.99,17.47
0.282,49.98,4.99,17.47
0.282,49.99,4.99,17.48
0.282,50.0,4.99,17.48
0.282,50.0,4.99,17.48
